ts,open,high,low,close
1788307200,4370.7001953125,4373.60009765625,4369.10009765625,4372.0
1788307260,4371.60009765625,4372.2998046875,4366.7001953125,4371.60009765625
1788307320,4371.60009765625,4371.60009765625,4361.39990234375,4367.5
1788307380,4367.89990234375,4374.7001953125,4367.89990234375,4373.7998046875
1788307440,4374.10009765625,4376.60009765625,4373.39990234375,4375.60009765625
1788307500,4375.60009765625,4376.89990234375,4371.5,4371.89990234375
1788307560,4371.5,4371.89990234375,4364.0,4365.89990234375
1788307620,4366.0,4368.7998046875,4365.7998046875,4367.39990234375
1788307680,4367.0,4371.60009765625,4366.89990234375,4369.10009765625
1788307740,4369.5,4373.2001953125,4369.5,4369.7998046875
1788307800,4369.39990234375,4369.5,4367.2998046875,4368.0
1788307860,4367.2998046875,4369.2001953125,4366.39990234375,4368.0
1788307920,4367.60009765625,4368.10009765625,4364.89990234375,4368.10009765625
1788307980,4368.2001953125,4370.7001953125,4368.0,4370.7001953125
1788308040,4371.2001953125,4374.39990234375,4371.10009765625,4374.2001953125
1788308100,4374.2998046875,4376.60009765625,4373.60009765625,4375.89990234375
1788308160,4375.7998046875,4377.0,4374.0,4375.10009765625
1788308220,4375.0,4380.7001953125,4375.0,4379.39990234375
1788308280,4379.2001953125,4380.89990234375,4377.60009765625,4377.89990234375
1788308340,4377.5,4377.5,4373.7998046875,4374.2001953125
1788308400,4373.7998046875,4374.7001953125,4371.39990234375,4371.7001953125
1788308460,4371.2998046875,4373.10009765625,4371.0,4372.0
1788308520,4372.0,4380.60009765625,4370.7001953125,4378.2001953125
1788308580,4378.2001953125,4379.10009765625,4375.7998046875,4376.60009765625
1788308640,4376.10009765625,4378.7998046875,4375.5,4376.10009765625
1788308700,4376.60009765625,4377.2001953125,4374.60009765625,4376.2001953125
1788308760,4375.5,4375.60009765625,4372.60009765625,4372.60009765625
1788308820,4372.39990234375,4372.5,4369.39990234375,4369.60009765625
1788308880,4369.10009765625,4372.2998046875,4369.0,4371.2998046875
1788308940,4371.2001953125,4372.0,4370.0,4372.0
1788309000,4371.7998046875,4371.7998046875,4369.60009765625,4369.60009765625
1788309060,4369.7001953125,4369.89990234375,4367.0,4369.7998046875
1788309120,4369.60009765625,4371.10009765625,4369.5,4370.39990234375
1788309180,4370.2001953125,4370.2001953125,4366.39990234375,4367.5
1788309240,4367.10009765625,4370.7998046875,4366.7001953125,4369.2001953125
1788309300,4369.0,4373.89990234375,4369.0,4373.5
1788309360,4373.7001953125,4374.2998046875,4370.0,4370.0
1788309420,4370.5,4376.2001953125,4370.5,4376.0
1788309480,4375.60009765625,4376.2001953125,4369.89990234375,4374.10009765625
1788309540,4373.7001953125,4374.2998046875,4372.10009765625,4373.39990234375
1788309600,4373.10009765625,4373.10009765625,4370.7998046875,4371.7001953125
1788309660,4370.7001953125,4371.89990234375,4370.0,4371.60009765625
1788309720,4371.2998046875,4372.7998046875,4370.7998046875,4371.89990234375
1788309780,4372.39990234375,4373.7001953125,4372.39990234375,4373.60009765625
1788309840,4374.0,4378.0,4374.0,4376.7001953125
1788309900,4376.5,4377.7998046875,4375.60009765625,4377.39990234375
1788309960,4377.10009765625,4377.2001953125,4374.39990234375,4374.7001953125
1788310020,4374.0,4375.0,4372.7001953125,4372.7998046875
1788310080,4372.39990234375,4372.7001953125,4369.89990234375,4370.10009765625
1788310140,4370.5,4370.5,4369.60009765625,4369.89990234375
1788310200,4369.60009765625,4369.60009765625,4366.60009765625,4368.39990234375
1788310260,4368.2001953125,4368.89990234375,4366.7001953125,4368.5
1788310320,4368.2001953125,4368.89990234375,4367.10009765625,4367.10009765625
1788310380,4367.39990234375,4368.2998046875,4365.39990234375,4366.60009765625
1788310440,4366.39990234375,4366.39990234375,4360.7001953125,4361.2001953125
1788310500,4361.10009765625,4364.5,4361.10009765625,4363.7001953125
1788310560,4363.5,4365.0,4362.0,4363.89990234375
1788310620,4364.0,4365.7001953125,4363.0,4365.7001953125
1788310680,4365.60009765625,4366.89990234375,4365.10009765625,4365.89990234375
1788310740,4365.7998046875,4365.89990234375,4361.60009765625,4362.5
1788310800,4362.10009765625,4369.39990234375,4360.60009765625,4364.0
1788310860,4364.2001953125,4365.7998046875,4360.7001953125,4361.39990234375
1788310920,4361.7998046875,4363.2001953125,4353.2998046875,4359.39990234375
1788310980,4359.60009765625,4366.39990234375,4357.10009765625,4364.5
1788311040,4364.0,4367.2001953125,4358.60009765625,4359.0
1788311100,4358.2998046875,4358.60009765625,4350.10009765625,4352.2001953125
1788311160,4351.89990234375,4356.89990234375,4351.39990234375,4356.2998046875
1788311220,4356.2998046875,4359.2001953125,4356.2001953125,4357.89990234375
1788311280,4357.89990234375,4359.0,4353.7001953125,4355.7998046875
1788311340,4357.2001953125,4358.39990234375,4354.7998046875,4355.10009765625
1788311400,4355.39990234375,4362.2001953125,4355.0,4362.0
1788311460,4361.60009765625,4363.0,4360.2998046875,4362.5
1788311520,4361.10009765625,4365.89990234375,4360.39990234375,4365.2001953125
1788311580,4365.2998046875,4367.60009765625,4361.89990234375,4364.7001953125
1788311640,4365.5,4366.5,4363.10009765625,4363.2001953125
1788311700,4363.60009765625,4372.7001953125,4362.60009765625,4371.7001953125
1788311760,4371.2998046875,4373.5,4370.89990234375,4371.60009765625
1788311820,4371.7001953125,4372.60009765625,4369.7998046875,4370.0
1788311880,4370.0,4373.10009765625,4368.2001953125,4368.2001953125
1788311940,4368.2001953125,4368.39990234375,4364.60009765625,4367.39990234375
1788312000,4367.5,4368.89990234375,4367.39990234375,4368.5
1788312060,4368.0,4369.60009765625,4367.7998046875,4368.2001953125
1788312120,4368.0,4369.0,4366.7001953125,4366.89990234375
1788312180,4366.7001953125,4368.0,4365.89990234375,4368.0
1788312240,4368.0,4370.10009765625,4364.0,4368.7998046875
1788312300,4368.7998046875,4368.7998046875,4365.7998046875,4367.2001953125
1788312360,4367.60009765625,4371.5,4366.7001953125,4366.7998046875
1788312420,4366.7998046875,4366.89990234375,4363.0,4363.0
1788312480,4363.10009765625,4363.7001953125,4362.10009765625,4363.10009765625
1788312540,4363.10009765625,4365.2998046875,4363.10009765625,4364.0
1788312600,4364.2001953125,4365.10009765625,4361.7001953125,4362.7001953125
1788312660,4364.2998046875,4364.89990234375,4363.10009765625,4363.2001953125
1788312720,4363.2001953125,4363.2001953125,4359.5,4361.2998046875
1788312780,4360.39990234375,4360.7001953125,4356.2998046875,4356.89990234375
1788312840,4356.5,4356.7998046875,4351.7001953125,4356.10009765625
1788312900,4356.39990234375,4356.5,4354.7998046875,4355.39990234375
1788312960,4355.2001953125,4356.39990234375,4354.39990234375,4355.7001953125
1788313020,4355.2001953125,4356.0,4352.7998046875,4353.39990234375
1788313080,4353.89990234375,4354.0,4351.60009765625,4351.89990234375
1788313140,4351.7001953125,4356.7001953125,4351.7001953125,4354.39990234375
1788313200,4354.0,4356.5,4353.10009765625,4355.10009765625
1788313260,4354.89990234375,4355.89990234375,4354.5,4355.7001953125
1788313320,4355.89990234375,4357.39990234375,4354.60009765625,4355.39990234375
1788313380,4356.10009765625,4357.7001953125,4355.2998046875,4356.60009765625
1788313440,4356.39990234375,4356.39990234375,4353.7998046875,4355.39990234375
1788313500,4355.2001953125,4356.39990234375,4354.39990234375,4355.0
1788313560,4354.7001953125,4355.2001953125,4353.89990234375,4354.0
1788313620,4353.0,4353.0,4350.10009765625,4350.89990234375
1788313680,4351.2998046875,4353.7998046875,4350.7001953125,4353.2998046875
1788313740,4353.10009765625,4355.10009765625,4352.5,4352.5
1788313800,4352.39990234375,4352.39990234375,4351.0,4351.7998046875
1788313860,4351.60009765625,4351.60009765625,4343.60009765625,4343.7998046875
1788313920,4343.89990234375,4344.10009765625,4337.0,4343.7998046875
1788313980,4343.7001953125,4343.7998046875,4339.89990234375,4342.39990234375
1788314040,4342.39990234375,4345.0,4342.39990234375,4344.10009765625
1788314100,4344.0,4346.60009765625,4343.89990234375,4345.39990234375
1788314160,4344.60009765625,4344.60009765625,4340.2001953125,4340.7001953125
1788314220,4340.7998046875,4341.89990234375,4339.2998046875,4339.5
1788314280,4339.7998046875,4339.7998046875,4333.89990234375,4335.5
1788314340,4336.0,4338.7001953125,4335.7001953125,4338.10009765625
1788314400,4337.7998046875,4339.0,4334.60009765625,4335.7998046875
1788314460,4335.2998046875,4339.7001953125,4335.0,4338.89990234375
1788314520,4339.0,4341.89990234375,4338.7001953125,4341.60009765625
1788314580,4341.7998046875,4343.7001953125,4341.2001953125,4343.0
1788314640,4342.2998046875,4344.0,4341.60009765625,4342.89990234375
1788314700,4343.2001953125,4343.5,4342.0,4342.89990234375
1788314760,4343.10009765625,4347.89990234375,4343.0,4347.0
1788314820,4347.0,4349.0,4346.60009765625,4347.39990234375
1788314880,4347.5,4347.7998046875,4345.2998046875,4345.7001953125
1788314940,4345.60009765625,4345.60009765625,4338.7001953125,4339.7998046875
1788315000,4339.89990234375,4340.2001953125,4337.5,4337.60009765625
1788315060,4337.2998046875,4340.7998046875,4336.39990234375,4338.89990234375
1788315120,4338.7998046875,4340.5,4338.39990234375,4340.2001953125
1788315180,4340.10009765625,4342.0,4339.7998046875,4341.60009765625
1788315240,4341.7001953125,4343.7998046875,4341.7001953125,4343.2998046875
1788315300,4343.39990234375,4345.0,4343.2998046875,4344.7001953125
1788315360,4345.10009765625,4347.2998046875,4344.60009765625,4347.10009765625
1788315420,4347.2001953125,4347.89990234375,4345.89990234375,4347.0
1788315480,4347.2001953125,4348.0,4346.2001953125,4347.60009765625
1788315540,4347.7998046875,4348.10009765625,4347.2001953125,4347.2998046875
1788315600,4347.5,4352.10009765625,4347.2998046875,4351.7001953125
1788315660,4351.7998046875,4353.60009765625,4349.5,4350.10009765625
1788315720,4350.2001953125,4351.2001953125,4347.39990234375,4348.7998046875
1788315780,4349.2001953125,4351.7001953125,4349.2001953125,4350.60009765625
1788315840,4350.5,4351.60009765625,4350.0,4350.39990234375
1788315900,4350.39990234375,4352.0,4349.89990234375,4349.89990234375
1788315960,4350.0,4350.0,4348.89990234375,4349.7001953125
1788316020,4349.5,4352.2998046875,4349.5,4351.5
1788316080,4351.5,4353.0,4350.2998046875,4350.7998046875
1788316140,4350.60009765625,4352.0,4350.2001953125,4351.7001953125
1788316200,4352.10009765625,4352.2998046875,4346.7001953125,4347.5
1788316260,4348.0,4351.2998046875,4347.7001953125,4351.2998046875
1788316320,4351.7001953125,4353.39990234375,4350.89990234375,4352.7001953125
1788316380,4352.5,4353.7001953125,4352.39990234375,4353.60009765625
1788316440,4353.89990234375,4356.10009765625,4353.2998046875,4355.2001953125
1788316500,4355.0,4356.39990234375,4353.7001953125,4356.10009765625
1788316560,4356.2001953125,4357.39990234375,4356.0,4356.39990234375
1788316620,4356.2001953125,4360.89990234375,4356.0,4360.60009765625
1788316680,4360.60009765625,4362.10009765625,4359.39990234375,4359.60009765625
1788316740,4359.39990234375,4360.7001953125,4359.2001953125,4359.89990234375
1788316800,4359.10009765625,4361.0,4358.39990234375,4360.10009765625
1788316860,4360.7998046875,4360.7998046875,4358.7001953125,4359.7001953125
1788316920,4359.2998046875,4360.0,4359.2001953125,4359.5
1788316980,4359.10009765625,4360.0,4357.0,4359.89990234375
1788317040,4360.0,4360.2001953125,4356.2001953125,4356.39990234375
1788317100,4357.0,4357.7001953125,4356.10009765625,4356.89990234375
1788317160,4356.60009765625,4358.2998046875,4356.60009765625,4357.39990234375
1788317220,4357.0,4357.2998046875,4356.60009765625,4357.2001953125
1788317280,4356.60009765625,4358.2998046875,4356.5,4357.2001953125
1788317340,4357.2998046875,4357.89990234375,4357.2998046875,4357.89990234375
1788317400,4357.89990234375,4357.89990234375,4355.0,4356.0
1788317460,4355.7001953125,4355.7001953125,4353.7998046875,4354.7998046875
1788317520,4355.10009765625,4355.60009765625,4354.7001953125,4355.5
1788317580,4355.2001953125,4355.5,4354.7001953125,4354.89990234375
1788317640,4354.7001953125,4354.7001953125,4352.7998046875,4353.0
1788317700,4353.2001953125,4353.39990234375,4350.7998046875,4352.39990234375
1788317760,4352.5,4353.0,4350.60009765625,4351.0
1788317820,4351.0,4351.0,4348.5,4348.60009765625
1788317880,4348.7998046875,4349.0,4347.2001953125,4348.0
1788317940,4348.2001953125,4350.10009765625,4347.89990234375,4350.0
1788318000,4350.0,4350.10009765625,4348.2001953125,4349.10009765625
1788318060,4349.5,4351.39990234375,4349.5,4350.39990234375
1788318120,4350.10009765625,4350.89990234375,4346.7001953125,4346.89990234375
1788318180,4347.39990234375,4347.89990234375,4346.2998046875,4346.89990234375
1788318240,4347.10009765625,4349.2998046875,4347.10009765625,4348.2001953125
1788318300,4348.0,4348.0,4345.39990234375,4345.39990234375
1788318360,4345.5,4347.0,4345.10009765625,4345.2001953125
1788318420,4345.5,4346.5,4344.5,4346.5
1788318480,4346.5,4348.2001953125,4346.39990234375,4347.60009765625
1788318540,4347.2001953125,4347.2001953125,4343.89990234375,4346.5
1788318600,4346.39990234375,4348.0,4345.7001953125,4347.89990234375
1788318660,4347.89990234375,4348.39990234375,4346.2998046875,4347.60009765625
1788318720,4347.39990234375,4347.7998046875,4345.10009765625,4346.2998046875
1788318780,4346.2001953125,4347.7001953125,4345.7998046875,4347.7001953125
1788318840,4348.0,4348.60009765625,4347.5,4348.0
1788318900,4348.10009765625,4349.7001953125,4347.5,4347.89990234375
1788318960,4348.2001953125,4348.2998046875,4344.89990234375,4344.89990234375
1788319020,4344.89990234375,4346.39990234375,4344.60009765625,4344.89990234375
1788319080,4345.10009765625,4346.60009765625,4344.89990234375,4345.5
1788319140,4345.60009765625,4346.60009765625,4343.60009765625,4344.60009765625
1788319200,4344.7001953125,4344.7001953125,4341.0,4341.39990234375
1788319260,4341.5,4341.7001953125,4339.0,4341.2998046875
1788319320,4341.60009765625,4342.60009765625,4340.2998046875,4341.2998046875
1788319380,4341.2001953125,4341.7001953125,4338.2001953125,4338.39990234375
1788319440,4338.5,4341.2001953125,4336.39990234375,4340.89990234375
1788319500,4340.7998046875,4344.2001953125,4340.10009765625,4344.0
1788319560,4344.0,4345.7998046875,4343.89990234375,4345.2001953125
1788319620,4345.2001953125,4345.7998046875,4344.2998046875,4344.5
1788319680,4344.5,4344.5,4340.7998046875,4341.5
1788319740,4341.39990234375,4341.5,4340.39990234375,4340.7001953125
1788319800,4340.60009765625,4340.7001953125,4337.2001953125,4337.7001953125
1788319860,4337.89990234375,4339.0,4337.2001953125,4338.60009765625
1788319920,4338.39990234375,4338.89990234375,4337.0,4337.60009765625
1788319980,4337.7001953125,4337.7001953125,4335.7001953125,4336.0
1788320040,4336.10009765625,4336.10009765625,4331.2001953125,4332.2001953125
1788320100,4331.60009765625,4332.10009765625,4329.2001953125,4331.2001953125
1788320160,4330.89990234375,4333.0,4330.2998046875,4331.7001953125
1788320220,4331.7998046875,4333.10009765625,4331.10009765625,4333.10009765625
1788320280,4333.60009765625,4337.60009765625,4333.5,4337.60009765625
1788320340,4337.60009765625,4338.7998046875,4336.60009765625,4338.10009765625
1788320400,4338.39990234375,4338.7001953125,4335.7998046875,4336.2001953125
1788320460,4336.39990234375,4337.2001953125,4333.60009765625,4334.2001953125
1788320520,4334.2998046875,4334.89990234375,4332.7998046875,4333.7001953125
1788320580,4333.39990234375,4334.2001953125,4332.10009765625,4334.2001953125
1788320640,4333.89990234375,4335.7998046875,4333.89990234375,4335.39990234375
1788320700,4335.5,4339.2998046875,4335.2998046875,4338.5
1788320760,4338.5,4341.39990234375,4338.39990234375,4341.2001953125
1788320820,4340.7001953125,4343.10009765625,4340.5,4342.7998046875
1788320880,4342.60009765625,4345.5,4342.5,4344.7998046875
1788320940,4345.0,4346.5,4344.7001953125,4346.0
1788321000,4346.0,4346.10009765625,4344.39990234375,4345.39990234375
1788321060,4345.5,4345.5,4343.2998046875,4344.39990234375
1788321120,4344.60009765625,4347.0,4343.60009765625,4346.10009765625
1788321180,4346.10009765625,4346.2001953125,4345.10009765625,4345.2001953125
1788321240,4345.60009765625,4347.7998046875,4345.60009765625,4347.7998046875
1788321300,4347.89990234375,4348.39990234375,4347.10009765625,4347.5
1788321360,4347.39990234375,4350.7001953125,4347.39990234375,4349.5
1788321420,4349.2998046875,4349.2998046875,4348.5,4348.7998046875
1788321480,4348.7998046875,4349.10009765625,4348.5,4348.7998046875
1788321600,4349.89990234375,4350.7001953125,4349.60009765625,4350.7001953125
1788321660,4350.2998046875,4350.2998046875,4349.10009765625,4349.39990234375
1788321720,4349.39990234375,4349.7998046875,4349.2001953125,4349.39990234375
1788321780,4349.5,4352.39990234375,4349.5,4351.39990234375
1788321840,4351.60009765625,4351.60009765625,4348.7998046875,4350.5
1788321900,4350.7001953125,4351.7998046875,4350.7001953125,4351.7001953125
1788321960,4351.2001953125,4352.0,4350.60009765625,4350.60009765625
1788322020,4350.7998046875,4351.2001953125,4350.2998046875,4350.39990234375
1788322080,4350.39990234375,4352.89990234375,4350.2998046875,4352.7001953125
1788322140,4352.7998046875,4353.39990234375,4351.0,4351.39990234375
1788322200,4351.60009765625,4352.7001953125,4351.60009765625,4352.39990234375
1788322260,4352.2998046875,4353.0,4352.10009765625,4352.60009765625
1788322320,4353.0,4353.5,4351.39990234375,4351.7001953125
1788322380,4351.5,4351.5,4350.5,4350.60009765625
1788322440,4350.7001953125,4351.0,4350.2998046875,4350.89990234375
1788322500,4351.10009765625,4351.89990234375,4350.5,4351.2001953125
1788322560,4351.2998046875,4352.2998046875,4350.7001953125,4351.0
1788322620,4350.89990234375,4350.89990234375,4350.10009765625,4350.10009765625
1788322680,4350.0,4351.10009765625,4349.7001953125,4350.89990234375
1788322740,4350.2998046875,4350.39990234375,4349.2998046875,4349.7998046875
1788322800,4349.10009765625,4349.7998046875,4347.7998046875,4349.7998046875
1788322860,4349.39990234375,4349.7998046875,4348.60009765625,4349.5
1788322920,4349.7001953125,4351.39990234375,4349.39990234375,4350.10009765625
1788322980,4349.60009765625,4350.10009765625,4349.0,4349.10009765625
1788323040,4349.5,4351.2001953125,4349.5,4350.7998046875
1788323100,4351.0,4351.2998046875,4349.2001953125,4350.2001953125
1788323160,4349.7998046875,4350.39990234375,4349.7001953125,4349.89990234375
1788323220,4349.89990234375,4349.89990234375,4348.7998046875,4348.89990234375
1788323280,4349.0,4349.7001953125,4348.2998046875,4348.89990234375
1788323340,4349.10009765625,4349.7001953125,4348.5,4349.39990234375
1788323400,4349.60009765625,4351.2001953125,4349.10009765625,4351.0
1788323460,4350.7998046875,4351.0,4349.2001953125,4349.7001953125
1788323520,4349.7998046875,4354.2001953125,4349.7998046875,4354.2001953125
1788323580,4354.0,4354.39990234375,4351.60009765625,4351.60009765625
1788323640,4351.5,4352.10009765625,4351.5,4352.0
1788323700,4351.7001953125,4352.2998046875,4351.5,4351.7001953125
1788323760,4351.7001953125,4351.7001953125,4350.2998046875,4350.60009765625
1788323820,4350.89990234375,4353.0,4350.89990234375,4352.60009765625
1788323880,4352.39990234375,4353.0,4351.7998046875,4352.2001953125
1788323940,4351.7001953125,4351.7001953125,4350.2998046875,4350.89990234375
1788324000,4350.89990234375,4351.7998046875,4350.7998046875,4350.7998046875
1788324060,4350.89990234375,4351.0,4350.5,4350.60009765625
1788324120,4351.0,4351.2998046875,4350.89990234375,4351.2001953125
1788324180,4350.7998046875,4352.7001953125,4349.39990234375,4352.2998046875
1788324240,4352.10009765625,4352.7998046875,4351.0,4351.0
1788324300,4351.39990234375,4352.10009765625,4351.2998046875,4351.2998046875
1788324360,4351.89990234375,4352.0,4351.2998046875,4351.39990234375
1788324420,4351.89990234375,4352.5,4350.39990234375,4351.10009765625
1788324480,4351.39990234375,4352.7001953125,4350.7001953125,4352.7001953125
1788324540,4353.2001953125,4353.2001953125,4352.2998046875,4352.2998046875
1788324600,4352.60009765625,4353.2001953125,4352.10009765625,4352.39990234375
1788324660,4352.60009765625,4352.7001953125,4351.60009765625,4351.7998046875
1788324720,4351.7998046875,4352.5,4351.39990234375,4352.10009765625
1788324780,4352.2998046875,4353.5,4351.7998046875,4353.2001953125
1788324840,4353.2001953125,4353.2001953125,4352.7001953125,4353.10009765625
1788324900,4352.7001953125,4353.5,4352.7001953125,4353.2998046875
1788324960,4353.39990234375,4353.60009765625,4352.7001953125,4353.2001953125
1788325020,4353.2001953125,4353.39990234375,4352.5,4352.7998046875
1788325080,4352.7001953125,4353.60009765625,4352.7001953125,4353.39990234375
1788325140,4353.7001953125,4354.2001953125,4353.7001953125,4353.7001953125
1788325200,4353.89990234375,4354.7001953125,4353.2998046875,4354.5
1788325260,4354.2001953125,4354.2001953125,4352.0,4352.5
1788325320,4352.60009765625,4353.60009765625,4352.60009765625,4352.7001953125
1788325380,4353.10009765625,4353.10009765625,4352.7001953125,4353.10009765625
1788325440,4352.89990234375,4353.5,4352.7001953125,4352.89990234375
1788325500,4352.7001953125,4352.7001953125,4350.89990234375,4351.60009765625
1788325560,4351.60009765625,4351.60009765625,4350.5,4351.10009765625
1788325620,4351.10009765625,4351.60009765625,4351.10009765625,4351.2998046875
1788325680,4351.39990234375,4351.60009765625,4351.2998046875,4351.5
1788325740,4351.7001953125,4351.7998046875,4350.0,4351.2998046875
1788325800,4351.39990234375,4352.89990234375,4351.2001953125,4351.2001953125
1788325860,4351.5,4352.0,4351.2998046875,4351.7001953125
1788325920,4351.89990234375,4355.89990234375,4351.60009765625,4355.60009765625
1788325980,4355.5,4355.7998046875,4354.5,4355.7001953125
1788326040,4355.89990234375,4356.5,4355.7998046875,4356.5
1788326100,4356.60009765625,4359.2998046875,4356.60009765625,4357.7001953125
1788326160,4357.39990234375,4359.2001953125,4357.2998046875,4359.0
1788326220,4358.7998046875,4359.7998046875,4357.7001953125,4359.7001953125
1788326280,4359.89990234375,4360.5,4358.60009765625,4358.60009765625
1788326340,4358.60009765625,4358.7998046875,4356.7001953125,4357.2001953125
1788326400,4357.2001953125,4357.39990234375,4355.7998046875,4356.7998046875
1788326460,4356.60009765625,4356.60009765625,4354.2998046875,4354.2998046875
1788326520,4354.5,4354.60009765625,4353.60009765625,4353.60009765625
1788326580,4353.7998046875,4355.0,4353.2001953125,4355.0
1788326640,4354.89990234375,4355.2998046875,4353.60009765625,4355.2998046875
1788326700,4355.60009765625,4356.7998046875,4355.2001953125,4355.7001953125
1788326760,4355.7998046875,4357.7001953125,4355.7998046875,4357.7001953125
1788326820,4357.5,4358.0,4356.5,4357.60009765625
1788326880,4357.7001953125,4360.0,4356.7998046875,4360.0
1788326940,4360.0,4360.5,4359.39990234375,4359.7001953125
1788327000,4359.7998046875,4367.2001953125,4359.7001953125,4367.2001953125
1788327060,4367.0,4370.60009765625,4366.7998046875,4367.0
1788327120,4366.7001953125,4369.10009765625,4365.89990234375,4368.89990234375
1788327180,4368.7998046875,4370.10009765625,4368.0,4369.5
1788327240,4369.60009765625,4371.7001953125,4368.5,4371.2998046875
1788327300,4370.7998046875,4371.0,4368.2001953125,4368.5
1788327360,4368.5,4368.7998046875,4366.89990234375,4367.39990234375
1788327420,4367.60009765625,4368.2998046875,4365.5,4365.5
1788327480,4365.39990234375,4366.39990234375,4364.39990234375,4366.2001953125
1788327540,4366.7001953125,4367.39990234375,4364.7998046875,4365.0
1788327600,4365.0,4365.7001953125,4363.89990234375,4364.2998046875
1788327660,4365.10009765625,4367.7998046875,4364.2998046875,4367.2001953125
1788327720,4367.10009765625,4369.5,4366.7998046875,4366.89990234375
1788327780,4366.7998046875,4368.0,4366.7998046875,4368.0
1788327840,4367.89990234375,4369.7001953125,4367.7001953125,4369.60009765625
1788327900,4369.89990234375,4370.7001953125,4369.2001953125,4370.7001953125
1788327960,4370.39990234375,4371.7001953125,4369.2001953125,4369.89990234375
1788328020,4370.10009765625,4370.39990234375,4369.89990234375,4370.2001953125
1788328080,4370.39990234375,4371.2998046875,4370.2001953125,4370.7001953125
1788328140,4370.7998046875,4372.89990234375,4370.7001953125,4372.39990234375
1788328200,4372.60009765625,4373.10009765625,4368.7001953125,4369.10009765625
1788328260,4369.0,4369.7998046875,4368.7998046875,4369.7998046875
1788328320,4369.10009765625,4369.5,4368.39990234375,4368.5
1788328380,4369.0,4369.0,4367.0,4367.5
1788328440,4367.2998046875,4367.2998046875,4366.0,4366.89990234375
1788328500,4366.7998046875,4368.5,4366.5,4368.39990234375
1788328560,4368.10009765625,4369.2998046875,4367.5,4368.39990234375
1788328620,4368.7001953125,4368.89990234375,4367.39990234375,4367.39990234375
1788328680,4368.2001953125,4369.0,4367.7001953125,4367.89990234375
1788328740,4367.60009765625,4367.7001953125,4365.89990234375,4366.7001953125
1788328800,4366.7998046875,4368.60009765625,4366.7001953125,4366.7001953125
1788328860,4367.10009765625,4368.2001953125,4366.7001953125,4368.2001953125
1788328920,4368.2001953125,4369.0,4367.5,4368.2998046875
1788328980,4368.2001953125,4368.2998046875,4365.2998046875,4365.2998046875
1788329040,4365.10009765625,4366.0,4364.2998046875,4365.0
1788329100,4364.7001953125,4365.39990234375,4364.2001953125,4364.39990234375
1788329160,4364.60009765625,4365.89990234375,4364.5,4365.89990234375
1788329220,4366.10009765625,4367.0,4365.2001953125,4365.89990234375
1788329280,4365.7998046875,4367.2001953125,4365.0,4367.2001953125
1788329340,4367.60009765625,4370.89990234375,4367.39990234375,4370.89990234375
1788329400,4370.89990234375,4371.0,4368.7001953125,4368.7998046875
1788329460,4369.2001953125,4369.2001953125,4367.39990234375,4368.7998046875
1788329520,4368.5,4370.89990234375,4368.5,4370.89990234375
1788329580,4371.2998046875,4375.39990234375,4371.2998046875,4374.10009765625
1788329640,4374.7001953125,4375.89990234375,4372.7998046875,4373.10009765625
1788329700,4372.89990234375,4375.10009765625,4371.7998046875,4371.7998046875
1788329760,4371.7998046875,4371.7998046875,4369.60009765625,4369.7998046875
1788329820,4369.5,4370.5,4368.2001953125,4368.60009765625
1788329880,4369.10009765625,4373.2001953125,4368.89990234375,4373.2001953125
1788329940,4372.89990234375,4373.60009765625,4371.7001953125,4372.60009765625
1788330000,4372.2001953125,4372.2001953125,4369.7001953125,4370.2001953125
1788330060,4370.2001953125,4370.60009765625,4369.5,4369.7998046875
1788330120,4370.7998046875,4370.7998046875,4367.5,4369.7001953125
1788330180,4369.60009765625,4371.10009765625,4368.60009765625,4371.10009765625
1788330240,4371.10009765625,4373.10009765625,4370.89990234375,4373.10009765625
1788330300,4373.10009765625,4373.5,4371.89990234375,4373.2998046875
1788330360,4373.2998046875,4374.10009765625,4372.5,4372.89990234375
1788330420,4372.7998046875,4372.7998046875,4371.10009765625,4371.39990234375
1788330480,4371.2001953125,4372.10009765625,4370.2001953125,4370.7998046875
1788330540,4370.89990234375,4371.89990234375,4368.7998046875,4368.89990234375
1788330600,4369.39990234375,4370.39990234375,4368.60009765625,4369.2001953125
1788330660,4369.60009765625,4370.0,4367.2001953125,4367.5
1788330720,4367.2998046875,4368.39990234375,4366.5,4367.7998046875
1788330780,4367.5,4368.10009765625,4365.10009765625,4365.60009765625
1788330840,4365.7998046875,4367.0,4364.89990234375,4366.5
1788330900,4366.2998046875,4366.2998046875,4365.0,4365.7998046875
1788330960,4366.2998046875,4366.60009765625,4364.89990234375,4365.10009765625
1788331020,4364.7998046875,4366.0,4363.0,4363.60009765625
1788331080,4363.89990234375,4367.5,4363.89990234375,4367.2001953125
1788331140,4367.2998046875,4371.0,4366.89990234375,4371.0
1788331200,4371.2001953125,4372.2998046875,4369.2001953125,4371.39990234375
1788331260,4371.10009765625,4372.7001953125,4370.2998046875,4372.2998046875
1788331320,4372.5,4372.89990234375,4371.2001953125,4371.89990234375
1788331380,4371.5,4372.7001953125,4371.0,4371.7998046875
1788331440,4372.39990234375,4372.39990234375,4370.10009765625,4371.2998046875
1788331500,4371.2001953125,4371.39990234375,4370.2998046875,4371.2001953125
1788331560,4370.7001953125,4370.7001953125,4367.60009765625,4367.7001953125
1788331620,4367.60009765625,4368.2001953125,4366.2998046875,4366.5
1788331680,4366.5,4367.39990234375,4365.39990234375,4365.39990234375
1788331740,4365.2998046875,4366.10009765625,4363.10009765625,4363.10009765625
1788331800,4363.10009765625,4363.89990234375,4362.5,4362.5
1788331860,4362.5,4362.7001953125,4361.2001953125,4362.0
1788331920,4362.39990234375,4364.0,4362.2001953125,4362.89990234375
1788331980,4362.89990234375,4363.2001953125,4362.0,4362.10009765625
1788332040,4362.2998046875,4362.89990234375,4361.7001953125,4362.39990234375
1788332100,4362.7001953125,4363.89990234375,4362.5,4363.7998046875
1788332160,4363.7998046875,4367.5,4363.10009765625,4367.5
1788332220,4367.7001953125,4368.39990234375,4366.5,4366.7998046875
1788332280,4367.2001953125,4367.2998046875,4365.60009765625,4366.60009765625
1788332340,4366.60009765625,4368.2998046875,4365.7998046875,4368.2998046875
1788332400,4368.39990234375,4368.89990234375,4365.7998046875,4368.2001953125
1788332460,4368.10009765625,4368.7998046875,4367.2001953125,4368.2001953125
1788332520,4368.60009765625,4370.7001953125,4368.2001953125,4368.7001953125
1788332580,4368.60009765625,4368.60009765625,4366.7998046875,4368.2001953125
1788332640,4368.5,4368.89990234375,4367.39990234375,4368.10009765625
1788332700,4367.7001953125,4368.7998046875,4365.89990234375,4366.5
1788332760,4366.60009765625,4369.39990234375,4366.0,4369.39990234375
1788332820,4369.60009765625,4373.5,4369.5,4372.10009765625
1788332880,4371.7998046875,4373.2998046875,4371.5,4372.5
1788332940,4372.5,4373.60009765625,4372.2001953125,4372.7998046875
1788333000,4372.89990234375,4377.39990234375,4372.89990234375,4376.2998046875
1788333060,4375.89990234375,4376.5,4374.7001953125,4376.2998046875
1788333120,4376.2001953125,4377.7998046875,4375.2001953125,4376.39990234375
1788333180,4376.5,4377.0,4374.60009765625,4375.60009765625
1788333240,4376.10009765625,4376.2001953125,4373.2998046875,4373.2998046875
1788333300,4373.0,4374.0,4372.10009765625,4373.39990234375
1788333360,4373.5,4374.2001953125,4372.2001953125,4373.39990234375
1788333420,4373.2001953125,4374.60009765625,4372.60009765625,4373.89990234375
1788333480,4374.39990234375,4375.0,4373.10009765625,4373.89990234375
1788333540,4374.10009765625,4375.2001953125,4374.10009765625,4374.7001953125
1788333600,4374.5,4374.7001953125,4372.10009765625,4373.0
1788333660,4373.2998046875,4373.39990234375,4371.60009765625,4372.5
1788333720,4372.2998046875,4374.7001953125,4372.0,4374.7001953125
1788333780,4374.5,4374.7998046875,4373.0,4374.39990234375
1788333840,4374.5,4375.7998046875,4373.60009765625,4375.10009765625
1788333900,4375.0,4375.0,4371.39990234375,4372.89990234375
1788333960,4373.10009765625,4373.7998046875,4372.89990234375,4373.5
1788334020,4373.39990234375,4375.5,4372.2998046875,4372.2998046875
1788334080,4372.2998046875,4374.10009765625,4372.10009765625,4372.10009765625
1788334140,4372.5,4374.60009765625,4372.5,4373.7001953125
1788334200,4373.2001953125,4374.10009765625,4371.89990234375,4374.0
1788334260,4374.2001953125,4376.10009765625,4374.10009765625,4376.0
1788334320,4375.7998046875,4376.7001953125,4375.0,4375.7998046875
1788334380,4375.60009765625,4375.7001953125,4374.2001953125,4375.60009765625
1788334440,4375.39990234375,4375.60009765625,4374.10009765625,4374.10009765625
1788334500,4374.2001953125,4375.10009765625,4372.7998046875,4374.2998046875
1788334560,4375.10009765625,4375.10009765625,4374.2001953125,4375.0
1788334620,4375.10009765625,4376.2001953125,4374.7001953125,4376.2001953125
1788334680,4376.2998046875,4377.7998046875,4375.60009765625,4375.7001953125
1788334740,4375.0,4375.39990234375,4373.10009765625,4373.10009765625
1788334800,4373.2001953125,4373.60009765625,4372.0,4373.2998046875
1788334860,4373.10009765625,4373.60009765625,4372.0,4372.39990234375
1788334920,4372.60009765625,4372.7001953125,4370.89990234375,4371.2001953125
1788334980,4371.5,4372.2998046875,4369.60009765625,4370.0
1788335040,4369.5,4370.10009765625,4368.5,4369.10009765625
1788335100,4369.39990234375,4370.7998046875,4368.60009765625,4370.7998046875
1788335160,4370.60009765625,4371.2998046875,4369.7998046875,4369.7998046875
1788335220,4369.7998046875,4371.7001953125,4369.39990234375,4370.7001953125
1788335280,4371.2998046875,4371.2998046875,4370.2998046875,4370.2998046875
1788335340,4369.5,4369.89990234375,4368.39990234375,4368.5
1788335400,4368.60009765625,4368.60009765625,4366.89990234375,4367.60009765625
1788335460,4367.89990234375,4369.39990234375,4367.7998046875,4368.7998046875
1788335520,4368.7998046875,4369.0,4367.7001953125,4367.7001953125
1788335580,4368.2001953125,4369.7998046875,4368.2001953125,4369.0
1788335640,4369.0,4370.10009765625,4368.60009765625,4369.0
1788335700,4369.10009765625,4369.2998046875,4367.39990234375,4369.2998046875
1788335760,4369.2001953125,4370.5,4368.7998046875,4369.2001953125
1788335820,4369.39990234375,4369.89990234375,4368.5,4368.7001953125
1788335880,4369.60009765625,4370.7998046875,4369.2998046875,4370.39990234375
1788335940,4370.5,4370.7001953125,4369.7001953125,4369.7998046875
1788336000,4370.10009765625,4370.7998046875,4368.7998046875,4370.0
1788336060,4370.89990234375,4372.0,4370.39990234375,4371.60009765625
1788336120,4371.7998046875,4372.7001953125,4369.89990234375,4370.10009765625
1788336180,4370.2001953125,4372.39990234375,4370.0,4372.2001953125
1788336240,4372.2998046875,4374.2998046875,4372.2001953125,4374.2001953125
1788336300,4374.10009765625,4374.2001953125,4370.7998046875,4370.7998046875
1788336360,4371.10009765625,4372.2001953125,4369.39990234375,4370.2998046875
1788336420,4370.7998046875,4373.2998046875,4370.7998046875,4372.39990234375
1788336480,4372.89990234375,4376.2001953125,4372.7001953125,4375.5
1788336540,4375.39990234375,4376.89990234375,4375.2001953125,4376.5
1788336600,4376.7998046875,4378.39990234375,4376.60009765625,4377.7998046875
1788336660,4377.89990234375,4377.89990234375,4373.5,4373.7001953125
1788336720,4373.60009765625,4374.2998046875,4373.39990234375,4374.10009765625
1788336780,4373.7001953125,4373.7001953125,4372.39990234375,4373.2001953125
1788336840,4373.10009765625,4373.7001953125,4371.39990234375,4372.2001953125
1788336900,4371.89990234375,4374.2001953125,4371.89990234375,4373.5
1788336960,4373.5,4373.89990234375,4371.60009765625,4372.60009765625
1788337020,4372.7998046875,4373.10009765625,4371.60009765625,4372.0
1788337080,4372.39990234375,4374.0,4372.39990234375,4373.60009765625
1788337140,4373.60009765625,4373.7001953125,4371.7001953125,4371.89990234375
1788337200,4372.2998046875,4372.7001953125,4371.89990234375,4371.89990234375
1788337260,4372.0,4372.2001953125,4370.7998046875,4371.60009765625
1788337320,4371.60009765625,4372.7998046875,4370.89990234375,4372.7998046875
1788337380,4373.39990234375,4373.7001953125,4372.2998046875,4372.5
1788337440,4372.60009765625,4373.10009765625,4371.89990234375,4372.5
1788337500,4372.2998046875,4372.5,4370.89990234375,4370.89990234375
1788337560,4370.89990234375,4371.2998046875,4370.10009765625,4370.60009765625
1788337620,4370.2001953125,4370.89990234375,4369.7998046875,4370.2001953125
1788337680,4370.89990234375,4371.7998046875,4369.39990234375,4369.7998046875
1788337740,4369.2001953125,4371.0,4369.2001953125,4369.60009765625
1788337800,4369.60009765625,4371.89990234375,4369.39990234375,4371.89990234375
1788337860,4371.7001953125,4372.2998046875,4369.5,4369.5
1788337920,4369.2998046875,4369.89990234375,4368.2998046875,4368.7998046875
1788337980,4368.7998046875,4369.0,4368.2998046875,4368.7998046875
1788338040,4368.7998046875,4368.89990234375,4367.2998046875,4368.10009765625
1788338100,4368.10009765625,4368.39990234375,4366.0,4367.2001953125
1788338160,4366.7998046875,4368.60009765625,4366.7001953125,4368.10009765625
1788338220,4367.7998046875,4370.10009765625,4367.7998046875,4370.10009765625
1788338280,4370.2001953125,4371.7001953125,4370.2001953125,4370.89990234375
1788338340,4371.60009765625,4373.2001953125,4371.5,4371.5
1788338400,4371.89990234375,4372.2001953125,4371.2001953125,4371.60009765625
1788338460,4371.5,4372.7001953125,4371.0,4371.0
1788338520,4371.0,4371.7001953125,4369.7001953125,4369.7998046875
1788338580,4370.0,4370.10009765625,4368.7998046875,4369.2001953125
1788338640,4369.39990234375,4369.5,4366.7998046875,4368.60009765625
1788338700,4368.60009765625,4369.10009765625,4366.7001953125,4366.7001953125
1788338760,4366.7998046875,4367.89990234375,4366.10009765625,4367.39990234375
1788338820,4367.39990234375,4368.0,4366.7001953125,4367.39990234375
1788338880,4367.7001953125,4368.7998046875,4366.7001953125,4368.7001953125
1788338940,4368.7998046875,4369.2998046875,4368.0,4368.0
1788339000,4368.39990234375,4368.39990234375,4366.0,4366.5
1788339060,4366.89990234375,4366.89990234375,4365.0,4365.10009765625
1788339120,4365.10009765625,4365.2998046875,4363.7001953125,4364.2001953125
1788339180,4364.39990234375,4364.7998046875,4362.7001953125,4362.7998046875
1788339240,4363.10009765625,4363.10009765625,4359.5,4361.0
1788339300,4361.10009765625,4362.7998046875,4360.60009765625,4362.2998046875
1788339360,4362.2001953125,4364.2001953125,4362.2001953125,4363.0
1788339420,4363.2001953125,4363.7998046875,4361.7001953125,4362.5
1788339480,4362.2001953125,4362.39990234375,4360.39990234375,4360.7998046875
1788339540,4360.89990234375,4361.60009765625,4359.10009765625,4359.60009765625
1788339600,4359.60009765625,4361.89990234375,4359.2998046875,4360.60009765625
1788339660,4360.89990234375,4361.0,4359.10009765625,4359.89990234375
1788339720,4360.2001953125,4363.39990234375,4359.89990234375,4362.2998046875
1788339780,4362.10009765625,4363.60009765625,4361.5,4363.10009765625
1788339840,4363.0,4363.10009765625,4361.7001953125,4362.7001953125
1788339900,4363.0,4367.10009765625,4363.0,4366.7998046875
1788339960,4366.89990234375,4368.89990234375,4366.7998046875,4368.10009765625
1788340020,4368.5,4369.2001953125,4366.39990234375,4366.89990234375
1788340080,4366.7998046875,4366.7998046875,4364.60009765625,4364.60009765625
1788340140,4365.0,4367.10009765625,4365.0,4365.5
1788340200,4365.5,4365.5,4363.60009765625,4364.10009765625
1788340260,4364.5,4365.10009765625,4363.60009765625,4363.7001953125
1788340320,4363.7001953125,4364.39990234375,4363.60009765625,4363.89990234375
1788340380,4363.7001953125,4363.89990234375,4362.10009765625,4362.10009765625
1788340440,4362.0,4362.0,4360.60009765625,4360.7001953125
1788340500,4360.7998046875,4361.39990234375,4360.2001953125,4361.39990234375
1788340560,4361.2001953125,4362.0,4361.10009765625,4361.7998046875
1788340620,4361.7001953125,4362.10009765625,4361.10009765625,4361.7001953125
1788340680,4361.7001953125,4362.2001953125,4361.2998046875,4361.7998046875
1788340740,4361.7998046875,4362.10009765625,4361.0,4361.2001953125
1788340800,4361.2001953125,4361.5,4358.7001953125,4359.0
1788340860,4359.0,4359.39990234375,4358.2998046875,4358.39990234375
1788340920,4358.10009765625,4358.60009765625,4357.2998046875,4357.5
1788340980,4357.5,4357.5,4356.10009765625,4356.5
1788341040,4356.60009765625,4356.7998046875,4355.89990234375,4355.89990234375
1788341100,4355.89990234375,4356.2001953125,4353.39990234375,4353.39990234375
1788341160,4353.60009765625,4353.7001953125,4352.5,4352.7001953125
1788341220,4352.7998046875,4354.39990234375,4352.2998046875,4352.89990234375
1788341280,4352.89990234375,4355.5,4352.7998046875,4355.2998046875
1788341340,4355.39990234375,4356.2998046875,4355.2998046875,4356.10009765625
1788341400,4356.2998046875,4357.5,4355.10009765625,4356.0
1788341460,4356.10009765625,4356.7998046875,4354.60009765625,4356.10009765625
1788341520,4356.0,4358.0,4356.0,4356.89990234375
1788341580,4356.89990234375,4357.2998046875,4355.89990234375,4355.89990234375
1788341640,4355.60009765625,4357.10009765625,4355.5,4357.10009765625
1788341700,4357.5,4358.39990234375,4357.0,4357.2001953125
1788341760,4356.89990234375,4356.89990234375,4355.5,4356.10009765625
1788341820,4356.0,4356.10009765625,4355.2001953125,4355.5
1788341880,4355.2001953125,4356.7001953125,4355.0,4355.89990234375
1788341940,4356.0,4357.0,4356.0,4356.0
1788342000,4356.5,4358.10009765625,4356.39990234375,4357.2998046875
1788342060,4357.2001953125,4359.10009765625,4357.2001953125,4359.0
1788342120,4359.10009765625,4359.10009765625,4358.5,4358.5
1788342180,4358.10009765625,4358.39990234375,4357.2001953125,4357.2001953125
1788342240,4357.2001953125,4357.39990234375,4356.2998046875,4357.10009765625
1788342300,4357.2001953125,4357.7001953125,4357.2001953125,4357.60009765625
1788342360,4357.5,4358.2001953125,4357.0,4357.2998046875
1788342420,4357.39990234375,4358.2001953125,4357.2998046875,4357.2998046875
1788342480,4357.60009765625,4358.7001953125,4357.60009765625,4358.5
1788342540,4358.2998046875,4358.5,4357.2001953125,4357.5
1788342600,4357.5,4358.2998046875,4356.89990234375,4357.2001953125
1788342660,4356.89990234375,4357.39990234375,4356.7001953125,4356.7001953125
1788342720,4356.5,4356.5,4355.2998046875,4355.5
1788342780,4355.5,4356.39990234375,4355.2001953125,4356.39990234375
1788342840,4356.2001953125,4356.39990234375,4355.7001953125,4355.7998046875
1788342900,4356.10009765625,4357.2001953125,4355.89990234375,4357.10009765625
1788342960,4356.7998046875,4357.2998046875,4356.2001953125,4356.7001953125
1788343020,4356.7001953125,4357.7001953125,4355.60009765625,4355.7998046875
1788343080,4355.7998046875,4356.2998046875,4355.5,4355.60009765625
1788343140,4355.89990234375,4355.89990234375,4355.2998046875,4355.89990234375
1788343200,4355.89990234375,4356.39990234375,4355.7001953125,4356.39990234375
1788343260,4356.0,4357.10009765625,4355.10009765625,4355.10009765625
1788343320,4355.2998046875,4355.5,4354.2998046875,4354.39990234375
1788343380,4354.5,4354.5,4353.2001953125,4353.60009765625
1788343440,4353.5,4353.5,4351.7001953125,4351.7001953125
1788343500,4351.7998046875,4352.39990234375,4351.10009765625,4352.2998046875
1788343560,4352.5,4353.2001953125,4349.10009765625,4349.39990234375
1788343620,4349.7001953125,4350.7998046875,4349.2001953125,4350.10009765625
1788343680,4350.2998046875,4351.2001953125,4349.7998046875,4350.39990234375
1788343740,4350.39990234375,4350.60009765625,4349.2001953125,4350.5
1788343800,4350.60009765625,4351.7998046875,4350.5,4351.5
1788343860,4351.2998046875,4352.2998046875,4349.7001953125,4351.7998046875
1788343920,4351.60009765625,4351.7001953125,4350.7998046875,4351.0
1788343980,4351.2998046875,4354.7998046875,4351.2001953125,4354.5
1788344040,4354.7001953125,4355.60009765625,4354.0,4354.10009765625
1788344100,4354.0,4354.89990234375,4353.39990234375,4353.89990234375
1788344160,4354.2998046875,4355.2001953125,4354.2998046875,4355.2001953125
1788344220,4354.7001953125,4356.0,4354.5,4356.0
1788344280,4356.2998046875,4357.10009765625,4355.5,4355.5
1788344340,4355.39990234375,4356.39990234375,4355.39990234375,4356.10009765625
1788344400,4356.2001953125,4358.60009765625,4356.2001953125,4357.5
1788344460,4357.60009765625,4358.2001953125,4357.10009765625,4358.2001953125
1788344520,4358.5,4359.7998046875,4357.60009765625,4359.0
1788344580,4358.60009765625,4358.60009765625,4357.0,4357.5
1788344640,4357.5,4358.2001953125,4357.0,4357.89990234375
1788344700,4357.7998046875,4359.5,4357.7998046875,4359.2998046875
1788344760,4359.10009765625,4359.39990234375,4357.60009765625,4358.2998046875
1788344820,4358.2001953125,4358.39990234375,4357.2998046875,4357.7998046875
1788344880,4357.89990234375,4358.5,4357.2998046875,4358.0
1788344940,4357.5,4357.7001953125,4356.89990234375,4357.10009765625
1788345000,4357.39990234375,4358.10009765625,4356.89990234375,4357.39990234375
1788345060,4357.60009765625,4357.60009765625,4355.2001953125,4355.2001953125
1788345120,4355.2001953125,4355.89990234375,4355.10009765625,4355.10009765625
1788345180,4355.2001953125,4356.0,4354.89990234375,4355.60009765625
1788345240,4356.0,4357.0,4355.7001953125,4356.60009765625
1788345300,4356.2998046875,4357.0,4355.2998046875,4355.89990234375
1788345360,4355.7001953125,4356.0,4355.0,4356.0
1788345420,4355.7001953125,4355.7001953125,4354.7001953125,4355.2001953125
1788345480,4355.89990234375,4356.60009765625,4355.0,4355.2001953125
1788345540,4355.39990234375,4356.2998046875,4354.2998046875,4356.0
1788345600,4356.0,4356.5,4355.7001953125,4356.0
1788345660,4355.89990234375,4356.2998046875,4355.10009765625,4355.2998046875
1788345720,4355.2998046875,4357.39990234375,4355.2998046875,4355.7001953125
1788345780,4355.89990234375,4357.0,4355.60009765625,4356.10009765625
1788345840,4356.2001953125,4356.7998046875,4356.2001953125,4356.60009765625
1788345900,4356.7001953125,4356.89990234375,4356.2001953125,4356.5
1788345960,4356.2001953125,4356.7001953125,4356.10009765625,4356.5
1788346020,4356.60009765625,4356.60009765625,4355.39990234375,4356.0
1788346080,4356.2001953125,4357.60009765625,4355.89990234375,4356.5
1788346140,4356.7001953125,4357.60009765625,4356.7001953125,4357.60009765625
1788346200,4357.7001953125,4357.7001953125,4354.5,4354.89990234375
1788346260,4354.7001953125,4355.0,4353.7998046875,4353.89990234375
1788346320,4353.89990234375,4353.89990234375,4352.7001953125,4352.7998046875
1788346380,4352.7001953125,4354.5,4352.5,4354.5
1788346440,4354.2998046875,4355.7001953125,4354.2998046875,4355.7001953125
1788346500,4355.5,4355.89990234375,4354.89990234375,4355.39990234375
1788346560,4355.39990234375,4356.2998046875,4354.0,4354.5
1788346620,4354.7998046875,4355.60009765625,4354.39990234375,4355.2998046875
1788346680,4355.2998046875,4355.2998046875,4353.7998046875,4354.0
1788346740,4354.0,4357.0,4354.0,4356.60009765625
1788346800,4356.2998046875,4357.10009765625,4354.89990234375,4357.10009765625
1788346860,4356.60009765625,4358.10009765625,4355.7001953125,4357.0
1788346920,4357.2998046875,4359.2998046875,4357.2998046875,4358.10009765625
1788346980,4357.7001953125,4357.89990234375,4357.10009765625,4357.89990234375
1788347040,4357.89990234375,4360.2001953125,4357.89990234375,4360.0
1788347100,4359.7998046875,4359.7998046875,4358.0,4358.60009765625
1788347160,4358.2001953125,4358.39990234375,4356.0,4356.0
1788347220,4355.7001953125,4356.7001953125,4355.39990234375,4356.39990234375
1788347280,4356.39990234375,4358.0,4355.7001953125,4356.7001953125
1788347340,4356.89990234375,4362.2001953125,4355.7998046875,4360.0
1788347400,4359.7001953125,4362.0,4358.60009765625,4362.0
1788347460,4361.5,4362.89990234375,4360.10009765625,4361.2998046875
1788347520,4361.60009765625,4363.2998046875,4360.7998046875,4363.0
1788347580,4363.10009765625,4364.89990234375,4362.5,4364.60009765625
1788347640,4364.60009765625,4371.60009765625,4364.5,4370.10009765625
1788347700,4369.89990234375,4370.2001953125,4366.89990234375,4368.10009765625
1788347760,4368.2001953125,4368.5,4365.0,4365.5
1788347820,4365.0,4367.60009765625,4364.89990234375,4366.0
1788347880,4365.89990234375,4365.89990234375,4363.0,4363.2998046875
1788347940,4363.39990234375,4366.89990234375,4362.7001953125,4366.2998046875
1788348000,4366.2998046875,4366.89990234375,4365.60009765625,4365.60009765625
1788348060,4365.7001953125,4365.89990234375,4363.89990234375,4364.89990234375
1788348120,4364.39990234375,4364.89990234375,4364.0,4364.39990234375
1788348180,4364.2001953125,4367.2998046875,4363.2998046875,4366.7001953125
1788348240,4366.39990234375,4367.0,4366.0,4366.2998046875
1788348300,4366.39990234375,4367.0,4364.10009765625,4364.7998046875
1788348360,4365.0,4366.60009765625,4364.5,4366.60009765625
1788348420,4366.60009765625,4369.2001953125,4366.60009765625,4368.89990234375
1788348480,4368.7998046875,4370.2998046875,4368.2001953125,4368.89990234375
1788348540,4369.0,4369.7001953125,4368.2998046875,4368.7998046875
1788348600,4369.2001953125,4371.10009765625,4368.7001953125,4370.7998046875
1788348660,4370.2998046875,4371.0,4369.7998046875,4370.7001953125
1788348720,4370.5,4373.89990234375,4370.5,4373.60009765625
1788348780,4373.7998046875,4374.5,4373.10009765625,4374.5
1788348840,4374.5,4377.5,4374.5,4377.0
1788348900,4377.10009765625,4380.2001953125,4376.2001953125,4377.7001953125
1788348960,4378.10009765625,4378.7998046875,4377.39990234375,4378.60009765625
1788349020,4378.39990234375,4379.7998046875,4377.10009765625,4378.89990234375
1788349080,4379.0,4380.0,4378.5,4379.0
1788349140,4378.7998046875,4380.0,4378.7001953125,4379.60009765625
1788349200,4379.2001953125,4380.10009765625,4377.60009765625,4378.2001953125
1788349260,4378.0,4378.0,4374.2001953125,4374.2998046875
1788349320,4374.2001953125,4374.5,4373.2998046875,4373.7001953125
1788349380,4373.7998046875,4374.2001953125,4371.10009765625,4372.5
1788349440,4372.7001953125,4372.7001953125,4371.10009765625,4372.0
1788349500,4371.7998046875,4373.60009765625,4370.5,4373.60009765625
1788349560,4373.60009765625,4373.7001953125,4371.0,4373.10009765625
1788349620,4372.7001953125,4374.10009765625,4372.60009765625,4374.10009765625
1788349680,4374.0,4374.39990234375,4372.7998046875,4373.39990234375
1788349740,4372.7001953125,4373.2001953125,4372.2001953125,4372.89990234375
1788349800,4372.7001953125,4373.10009765625,4371.7001953125,4371.7001953125
1788349860,4371.7001953125,4372.10009765625,4370.5,4371.89990234375
1788349920,4372.2001953125,4373.89990234375,4372.10009765625,4373.89990234375
1788349980,4374.0,4375.10009765625,4373.60009765625,4374.7998046875
1788350040,4374.89990234375,4378.2001953125,4374.7998046875,4377.7001953125
1788350100,4377.60009765625,4380.10009765625,4377.2998046875,4379.60009765625
1788350160,4379.60009765625,4379.7998046875,4377.0,4377.0
1788350220,4376.89990234375,4377.7998046875,4376.5,4377.2001953125
1788350280,4378.0,4378.2001953125,4376.60009765625,4377.0
1788350340,4377.2998046875,4379.60009765625,4377.2998046875,4379.60009765625
1788350400,4379.5,4381.5,4377.10009765625,4380.2998046875
1788350460,4380.10009765625,4381.10009765625,4378.7998046875,4380.5
1788350520,4380.39990234375,4380.5,4375.89990234375,4376.10009765625
1788350580,4376.10009765625,4380.5,4376.0,4380.5
1788350640,4380.2001953125,4382.7998046875,4379.2998046875,4381.7001953125
1788350700,4381.7998046875,4383.2998046875,4381.2998046875,4382.2001953125
1788350760,4382.39990234375,4382.89990234375,4379.2998046875,4381.2001953125
1788350820,4380.60009765625,4381.0,4378.39990234375,4378.39990234375
1788350880,4378.7001953125,4379.0,4377.2998046875,4377.89990234375
1788350940,4378.60009765625,4380.89990234375,4378.2001953125,4380.5
1788351000,4380.60009765625,4381.5,4378.89990234375,4380.2998046875
1788351060,4379.60009765625,4380.60009765625,4377.89990234375,4378.2998046875
1788351120,4378.39990234375,4378.39990234375,4376.2998046875,4376.7998046875
1788351180,4377.39990234375,4379.7998046875,4377.39990234375,4379.7001953125
1788351240,4379.7998046875,4380.2998046875,4379.2998046875,4380.2998046875
1788351300,4380.2001953125,4381.7001953125,4378.2998046875,4379.89990234375
1788351360,4379.89990234375,4380.0,4377.0,4378.39990234375
1788351420,4378.60009765625,4380.0,4378.2998046875,4380.0
1788351480,4379.7001953125,4381.60009765625,4377.89990234375,4381.60009765625
1788351540,4381.2001953125,4381.2001953125,4378.39990234375,4378.39990234375
1788351600,4378.2001953125,4390.0,4376.60009765625,4389.2998046875
1788351660,4389.0,4391.39990234375,4380.7998046875,4382.60009765625
1788351720,4383.0,4384.7998046875,4381.2998046875,4384.2001953125
1788351780,4384.0,4387.7998046875,4381.2001953125,4382.2998046875
1788351840,4382.39990234375,4386.7998046875,4381.60009765625,4386.2001953125
1788351900,4385.7998046875,4389.5,4385.10009765625,4387.2998046875
1788351960,4387.2998046875,4388.0,4385.89990234375,4387.39990234375
1788352020,4387.39990234375,4387.39990234375,4382.2998046875,4382.7998046875
1788352080,4382.89990234375,4383.60009765625,4381.0,4383.2001953125
1788352140,4383.0,4384.2998046875,4382.39990234375,4383.2998046875
1788352200,4383.2998046875,4384.5,4381.0,4381.7001953125
1788352260,4381.2998046875,4383.60009765625,4380.10009765625,4382.10009765625
1788352320,4382.2001953125,4383.39990234375,4380.60009765625,4381.10009765625
1788352380,4381.39990234375,4382.60009765625,4379.2998046875,4379.7998046875
1788352440,4379.7001953125,4379.89990234375,4376.2001953125,4376.7998046875
1788352500,4377.0,4378.5,4377.0,4377.7001953125
1788352560,4377.2998046875,4377.39990234375,4375.39990234375,4376.10009765625
1788352620,4376.2001953125,4376.2001953125,4374.39990234375,4375.2001953125
1788352680,4375.39990234375,4378.39990234375,4375.39990234375,4377.5
1788352740,4377.39990234375,4380.60009765625,4377.2998046875,4380.2001953125
1788352800,4380.5,4381.10009765625,4379.10009765625,4380.7998046875
1788352860,4380.7001953125,4381.39990234375,4380.2001953125,4381.10009765625
1788352920,4381.2001953125,4381.7998046875,4380.39990234375,4380.7998046875
1788352980,4380.5,4381.2001953125,4379.7998046875,4380.39990234375
1788353040,4380.2998046875,4382.0,4379.7998046875,4381.10009765625
1788353100,4381.39990234375,4381.7998046875,4378.5,4379.7001953125
1788353160,4379.5,4381.2998046875,4379.2998046875,4379.2998046875
1788353220,4378.7998046875,4384.7001953125,4378.7001953125,4384.39990234375
1788353280,4384.2998046875,4384.7001953125,4383.0,4384.0
1788353340,4383.7998046875,4386.0,4383.5,4386.0
1788353400,4386.0,4386.0,4383.2001953125,4383.60009765625
1788353460,4383.2998046875,4383.60009765625,4380.60009765625,4381.2001953125
1788353520,4381.10009765625,4381.89990234375,4379.39990234375,4379.7998046875
1788353580,4380.0,4381.2998046875,4379.39990234375,4380.60009765625
1788353640,4381.2001953125,4381.89990234375,4380.7998046875,4381.2001953125
1788353700,4381.60009765625,4381.7001953125,4379.5,4380.39990234375
1788353760,4380.5,4380.7998046875,4379.60009765625,4380.0
1788353820,4379.89990234375,4380.10009765625,4377.2998046875,4378.5
1788353880,4378.60009765625,4379.7001953125,4378.0,4378.7001953125
1788353940,4378.7998046875,4379.89990234375,4378.10009765625,4378.2998046875
1788354000,4378.2998046875,4384.39990234375,4377.5,4383.10009765625
1788354060,4383.0,4384.5,4382.2998046875,4382.89990234375
1788354120,4383.0,4388.5,4383.0,4386.7001953125
1788354180,4386.7001953125,4388.60009765625,4384.89990234375,4385.39990234375
1788354240,4385.7998046875,4386.2998046875,4384.39990234375,4385.5
1788354300,4385.39990234375,4388.0,4385.39990234375,4387.10009765625
1788354360,4387.0,4387.7998046875,4386.5,4387.10009765625
1788354420,4387.10009765625,4389.39990234375,4387.10009765625,4388.5
1788354480,4388.5,4391.2001953125,4388.2001953125,4390.10009765625
1788354540,4389.7001953125,4390.60009765625,4388.60009765625,4388.89990234375
1788354600,4388.7001953125,4389.7001953125,4388.2998046875,4389.7001953125
1788354660,4389.10009765625,4391.5,4388.39990234375,4388.39990234375
1788354720,4388.60009765625,4388.7998046875,4386.39990234375,4386.60009765625
1788354780,4386.5,4386.7001953125,4384.60009765625,4385.2001953125
1788354840,4384.7998046875,4387.2998046875,4384.5,4386.5
1788354900,4386.5,4387.10009765625,4383.5,4385.60009765625
1788354960,4385.2001953125,4387.89990234375,4384.39990234375,4387.5
1788355020,4387.2001953125,4390.89990234375,4387.2001953125,4390.39990234375
1788355080,4390.39990234375,4390.7001953125,4388.39990234375,4390.5
1788355140,4390.60009765625,4391.2998046875,4388.7998046875,4389.0
1788355200,4389.2998046875,4391.39990234375,4388.7001953125,4389.39990234375
1788355260,4389.39990234375,4391.7001953125,4389.10009765625,4390.39990234375
1788355320,4390.2998046875,4392.39990234375,4390.2001953125,4391.89990234375
1788355380,4391.89990234375,4394.2998046875,4391.89990234375,4393.7998046875
1788355440,4394.10009765625,4395.2001953125,4393.60009765625,4394.7998046875
1788355500,4394.7998046875,4397.5,4394.2001953125,4395.7998046875
1788355560,4395.7001953125,4404.39990234375,4395.39990234375,4404.0
1788355620,4403.60009765625,4405.39990234375,4401.2001953125,4403.10009765625
1788355680,4403.60009765625,4403.7998046875,4400.39990234375,4402.10009765625
1788355740,4402.2001953125,4405.7998046875,4401.7001953125,4405.5
1788355800,4405.2998046875,4411.2001953125,4404.5,4408.39990234375
1788355860,4408.60009765625,4411.60009765625,4403.7998046875,4411.60009765625
1788355920,4411.7001953125,4415.0,4410.60009765625,4410.89990234375
1788355980,4411.2998046875,4413.7001953125,4410.10009765625,4410.10009765625
1788356040,4410.10009765625,4412.39990234375,4407.2998046875,4412.0
1788356100,4412.10009765625,4415.10009765625,4411.7998046875,4414.2001953125
1788356160,4414.2001953125,4414.7998046875,4412.10009765625,4413.39990234375
1788356220,4413.2998046875,4413.2998046875,4409.5,4411.2001953125
1788356280,4411.5,4412.7001953125,4409.5,4411.7001953125
1788356340,4412.0,4415.5,4411.2001953125,4413.89990234375
1788356400,4414.39990234375,4414.7998046875,4411.5,4414.10009765625
1788356460,4414.39990234375,4417.10009765625,4414.0,4417.0
1788356520,4416.7998046875,4420.2001953125,4415.2998046875,4420.10009765625
1788356580,4420.0,4423.10009765625,4419.60009765625,4421.89990234375
1788356640,4421.89990234375,4427.0,4421.0,4425.5
1788356700,4425.7001953125,4427.0,4421.7998046875,4423.7998046875
1788356760,4424.0,4426.2001953125,4419.89990234375,4420.60009765625
1788356820,4421.0,4422.39990234375,4420.10009765625,4422.10009765625
1788356880,4422.2001953125,4423.89990234375,4420.0,4421.10009765625
1788356940,4421.2998046875,4421.2998046875,4415.89990234375,4416.2001953125
1788357000,4416.2998046875,4420.39990234375,4415.39990234375,4419.7998046875
1788357060,4419.7998046875,4421.60009765625,4418.7998046875,4419.7001953125
1788357120,4419.5,4425.2001953125,4418.7001953125,4424.7998046875
1788357180,4424.7001953125,4426.0,4423.2998046875,4424.0
1788357240,4423.60009765625,4424.89990234375,4422.2001953125,4424.5
1788357300,4424.2001953125,4425.2001953125,4421.10009765625,4421.7998046875
1788357360,4421.89990234375,4424.89990234375,4419.39990234375,4423.7001953125
1788357420,4423.89990234375,4428.0,4423.7001953125,4424.7001953125
1788357480,4424.7998046875,4428.7998046875,4424.39990234375,4428.10009765625
1788357540,4428.39990234375,4433.5,4427.7998046875,4433.0
1788357600,4432.89990234375,4433.7998046875,4429.5,4431.39990234375
1788357660,4431.7001953125,4431.7998046875,4426.39990234375,4428.0
1788357720,4427.89990234375,4432.7998046875,4427.10009765625,4431.60009765625
1788357780,4431.7001953125,4432.60009765625,4428.89990234375,4429.7001953125
1788357840,4429.7001953125,4433.2001953125,4429.60009765625,4431.7001953125
1788357900,4431.89990234375,4437.7998046875,4431.39990234375,4436.5
1788357960,4436.7001953125,4436.7001953125,4433.5,4436.2998046875
1788358020,4436.5,4439.39990234375,4436.0,4439.2998046875
1788358080,4439.39990234375,4441.10009765625,4438.39990234375,4439.60009765625
1788358140,4439.39990234375,4443.7001953125,4437.60009765625,4438.0
1788358200,4437.7998046875,4444.39990234375,4436.5,4441.5
1788358260,4441.60009765625,4442.2001953125,4439.10009765625,4442.0
1788358320,4442.10009765625,4442.60009765625,4436.60009765625,4437.2998046875
1788358380,4437.2001953125,4437.2001953125,4433.60009765625,4435.39990234375
1788358440,4435.7998046875,4437.2998046875,4434.0,4434.7998046875
1788358500,4434.7998046875,4436.10009765625,4432.7001953125,4434.2001953125
1788358560,4433.7998046875,4435.89990234375,4433.5,4433.7001953125
1788358620,4433.5,4436.10009765625,4433.5,4434.89990234375
1788358680,4435.0,4435.39990234375,4431.7001953125,4435.39990234375
1788358740,4435.60009765625,4439.5,4435.39990234375,4439.10009765625
1788358800,4439.2001953125,4441.7998046875,4438.7001953125,4441.5
1788358860,4441.5,4444.0,4440.2998046875,4440.5
1788358920,4440.5,4441.2998046875,4436.7998046875,4437.10009765625
1788358980,4437.10009765625,4437.7998046875,4434.2001953125,4435.10009765625
1788359040,4434.89990234375,4435.2001953125,4433.5,4433.7998046875
1788359100,4433.89990234375,4435.7001953125,4432.2001953125,4432.39990234375
1788359160,4432.2001953125,4434.2998046875,4432.10009765625,4433.2001953125
1788359220,4433.89990234375,4436.2001953125,4433.2998046875,4435.10009765625
1788359280,4435.0,4437.0,4434.5,4436.2001953125
1788359340,4436.2998046875,4437.2001953125,4434.10009765625,4434.2998046875
1788359400,4434.2001953125,4434.2001953125,4429.60009765625,4430.7001953125
1788359460,4430.60009765625,4433.2001953125,4430.2998046875,4433.0
1788359520,4432.7998046875,4435.0,4431.39990234375,4433.5
1788359580,4433.2998046875,4433.7998046875,4430.89990234375,4433.2998046875
1788359640,4433.39990234375,4434.39990234375,4432.60009765625,4433.2998046875
1788359700,4433.2001953125,4434.60009765625,4431.0,4431.7001953125
1788359760,4431.60009765625,4431.60009765625,4430.2001953125,4430.5
1788359820,4430.2001953125,4431.60009765625,4430.0,4431.2998046875
1788359880,4431.39990234375,4432.0,4429.60009765625,4430.89990234375
1788359940,4431.10009765625,4432.2001953125,4429.2001953125,4429.7998046875
1788360000,4429.7001953125,4430.5,4428.39990234375,4430.2998046875
1788360060,4430.5,4431.0,4429.0,4430.5
1788360120,4430.7998046875,4433.2001953125,4430.39990234375,4431.2001953125
1788360180,4431.10009765625,4433.10009765625,4429.7001953125,4430.7001953125
1788360240,4431.10009765625,4432.89990234375,4430.89990234375,4432.60009765625
1788360300,4432.5,4433.89990234375,4428.2998046875,4428.5
1788360360,4428.5,4429.60009765625,4427.7001953125,4427.7001953125
1788360420,4428.10009765625,4428.2998046875,4427.10009765625,4427.2998046875
1788360480,4427.2998046875,4428.0,4426.10009765625,4426.60009765625
1788360540,4426.5,4428.2001953125,4425.89990234375,4428.2001953125
1788360600,4428.2001953125,4429.10009765625,4426.39990234375,4427.39990234375
1788360660,4427.2998046875,4427.2998046875,4424.60009765625,4425.2998046875
1788360720,4425.5,4426.2001953125,4424.10009765625,4425.5
1788360780,4425.60009765625,4425.89990234375,4423.10009765625,4424.39990234375
1788360840,4424.2998046875,4425.2001953125,4423.10009765625,4424.2001953125
1788360900,4424.0,4425.89990234375,4423.2998046875,4423.39990234375
1788360960,4423.2998046875,4424.39990234375,4422.7001953125,4423.60009765625
1788361020,4423.7998046875,4424.39990234375,4422.60009765625,4424.0
1788361080,4423.7998046875,4424.0,4422.0,4422.60009765625
1788361140,4422.60009765625,4424.2998046875,4421.39990234375,4424.2001953125
1788361200,4424.10009765625,4424.39990234375,4421.39990234375,4421.7998046875
1788361260,4421.60009765625,4422.89990234375,4421.39990234375,4421.7001953125
1788361320,4421.7998046875,4424.10009765625,4421.5,4423.89990234375
1788361380,4423.89990234375,4427.7998046875,4423.39990234375,4427.5
1788361440,4427.39990234375,4427.7001953125,4423.60009765625,4424.39990234375
1788361500,4424.2998046875,4426.10009765625,4422.60009765625,4425.60009765625
1788361560,4426.0,4427.39990234375,4425.0,4425.2998046875
1788361620,4425.0,4425.39990234375,4421.89990234375,4422.10009765625
1788361680,4421.89990234375,4422.60009765625,4420.60009765625,4421.5
1788361740,4421.5,4423.5,4420.39990234375,4423.5
1788361800,4423.2998046875,4423.2998046875,4420.39990234375,4421.5
1788361860,4421.60009765625,4425.0,4420.39990234375,4424.89990234375
1788361920,4424.7001953125,4424.7998046875,4422.10009765625,4422.10009765625
1788361980,4422.0,4422.0,4419.5,4419.89990234375
1788362040,4420.39990234375,4420.89990234375,4419.2001953125,4419.39990234375
1788362100,4419.2001953125,4419.39990234375,4416.7001953125,4417.39990234375
1788362160,4417.5,4418.7001953125,4417.2998046875,4417.60009765625
1788362220,4417.5,4419.0,4416.7998046875,4416.7998046875
1788362280,4416.89990234375,4416.89990234375,4415.7001953125,4416.39990234375
1788362340,4416.39990234375,4417.5,4416.2998046875,4416.5
1788362400,4416.7001953125,4417.0,4414.0,4414.0
1788362460,4414.0,4414.2998046875,4412.7998046875,4413.39990234375
1788362520,4413.5,4416.2001953125,4412.5,4416.10009765625
1788362580,4416.2001953125,4418.60009765625,4413.7998046875,4416.7998046875
1788362640,4416.60009765625,4418.5,4416.60009765625,4417.10009765625
1788362700,4417.2001953125,4418.39990234375,4415.7998046875,4416.7001953125
1788362760,4416.5,4417.5,4415.7001953125,4416.5
1788362820,4416.5,4416.89990234375,4414.39990234375,4416.2001953125
1788362880,4416.39990234375,4418.2998046875,4416.39990234375,4417.2998046875
1788362940,4417.5,4420.0,4417.5,4419.5
1788363000,4419.7998046875,4421.0,4418.2998046875,4418.39990234375
1788363060,4418.2001953125,4421.60009765625,4418.0,4419.7001953125
1788363120,4419.89990234375,4420.60009765625,4418.89990234375,4420.2001953125
1788363180,4420.0,4422.2001953125,4419.10009765625,4420.2001953125
1788363240,4420.0,4420.60009765625,4418.10009765625,4418.60009765625
1788363300,4418.39990234375,4419.39990234375,4417.39990234375,4417.7001953125
1788363360,4418.0,4418.5,4416.0,4416.0
1788363420,4416.2001953125,4416.5,4415.39990234375,4415.89990234375
1788363480,4415.7001953125,4416.2998046875,4414.39990234375,4416.2998046875
1788363540,4416.2998046875,4417.2001953125,4416.2998046875,4416.7998046875
1788363600,4417.7001953125,4419.10009765625,4417.10009765625,4417.2001953125
1788363660,4417.7998046875,4418.0,4415.2001953125,4415.2998046875
1788363720,4415.2001953125,4415.2001953125,4413.89990234375,4414.5
1788363780,4414.2001953125,4414.7998046875,4413.10009765625,4414.2001953125
1788363840,4414.2001953125,4414.89990234375,4412.7998046875,4413.2001953125
1788363900,4412.89990234375,4413.10009765625,4411.39990234375,4412.5
1788363960,4412.89990234375,4415.89990234375,4412.2998046875,4415.89990234375
1788364020,4415.7998046875,4416.39990234375,4415.2001953125,4416.2998046875
1788364080,4416.10009765625,4416.7001953125,4415.0,4415.39990234375
1788364140,4415.39990234375,4415.7001953125,4414.2998046875,4414.5
1788364200,4414.7998046875,4415.60009765625,4414.39990234375,4415.39990234375
1788364260,4415.2998046875,4416.0,4414.0,4415.89990234375
1788364320,4415.60009765625,4416.10009765625,4414.89990234375,4416.10009765625
1788364380,4416.2001953125,4416.60009765625,4415.10009765625,4415.10009765625
1788364440,4414.89990234375,4415.7001953125,4414.7998046875,4415.39990234375
1788364500,4415.2998046875,4417.5,4414.7001953125,4417.5
1788364560,4417.2001953125,4418.5,4417.2001953125,4417.5
1788364620,4417.60009765625,4419.2998046875,4417.2001953125,4419.0
1788364680,4418.7001953125,4420.2998046875,4418.39990234375,4419.89990234375
1788364740,4419.60009765625,4420.60009765625,4419.2998046875,4419.89990234375
1788364800,4419.7001953125,4421.60009765625,4418.0,4420.89990234375
1788364860,4420.60009765625,4421.39990234375,4420.0,4421.2001953125
1788364920,4421.10009765625,4421.7001953125,4419.60009765625,4420.5
1788364980,4420.39990234375,4421.5,4419.2001953125,4421.0
1788365040,4420.7001953125,4420.89990234375,4419.39990234375,4419.5
1788365100,4419.7998046875,4420.2001953125,4415.7998046875,4415.7998046875
1788365160,4415.89990234375,4417.10009765625,4415.7001953125,4416.7998046875
1788365220,4416.60009765625,4418.2001953125,4416.39990234375,4416.5
1788365280,4416.5,4418.5,4416.5,4417.7998046875
1788365340,4417.5,4417.89990234375,4416.7998046875,4417.0
1788365400,4417.39990234375,4418.39990234375,4417.2998046875,4418.2001953125
1788365460,4418.5,4418.7001953125,4417.0,4417.39990234375
1788365520,4417.5,4418.60009765625,4417.2001953125,4418.39990234375
1788365580,4418.5,4419.0,4417.10009765625,4418.60009765625
1788365640,4418.60009765625,4420.0,4418.5,4419.10009765625
1788365700,4418.60009765625,4419.0,4417.2001953125,4417.2001953125
1788365760,4416.7998046875,4417.2001953125,4414.60009765625,4415.7001953125
1788365820,4415.60009765625,4418.0,4415.5,4416.5
1788365880,4416.39990234375,4417.5,4416.39990234375,4417.5
1788365940,4417.10009765625,4417.7001953125,4416.7998046875,4416.7998046875
1788366000,4416.5,4417.5,4416.5,4416.60009765625
1788366060,4416.39990234375,4417.10009765625,4416.2998046875,4417.0
1788366120,4416.89990234375,4417.7001953125,4416.2998046875,4417.5
1788366180,4417.39990234375,4417.39990234375,4415.39990234375,4415.5
1788366240,4415.7998046875,4416.5,4415.60009765625,4416.5
1788366300,4416.10009765625,4416.7001953125,4415.7001953125,4416.2998046875
1788366360,4415.89990234375,4416.7998046875,4415.7001953125,4416.60009765625
1788366420,4416.39990234375,4416.7998046875,4415.2998046875,4415.5
1788366480,4415.60009765625,4417.0,4415.60009765625,4415.89990234375
1788366540,4415.7001953125,4416.2001953125,4414.2998046875,4415.2001953125
1788366600,4415.5,4416.2001953125,4414.39990234375,4415.7998046875
1788366660,4415.7001953125,4417.39990234375,4415.7001953125,4416.89990234375
1788366720,4417.0,4417.10009765625,4415.5,4415.5
1788366780,4415.60009765625,4416.39990234375,4413.7998046875,4413.7998046875
1788366840,4414.2001953125,4415.2001953125,4414.0,4414.0
1788366900,4414.2998046875,4415.10009765625,4414.10009765625,4415.0
1788366960,4414.89990234375,4415.10009765625,4414.0,4414.7998046875
1788367020,4414.7998046875,4415.39990234375,4413.7001953125,4414.89990234375
1788367080,4414.7001953125,4415.10009765625,4413.0,4414.2001953125
1788367140,4414.0,4415.7001953125,4413.7998046875,4415.2998046875
1788367200,4415.2001953125,4415.2998046875,4412.89990234375,4413.0
1788367260,4412.89990234375,4413.0,4412.10009765625,4412.7998046875
1788367320,4413.0,4413.89990234375,4412.2001953125,4412.39990234375
1788367380,4412.2998046875,4412.7998046875,4411.10009765625,4411.7001953125
1788367440,4411.60009765625,4412.39990234375,4411.2001953125,4411.5
1788367500,4411.5,4411.89990234375,4411.2998046875,4411.5
1788367560,4411.7998046875,4412.60009765625,4411.5,4411.7998046875
1788367620,4412.2001953125,4412.39990234375,4411.5,4412.2998046875
1788367680,4412.0,4412.2001953125,4411.60009765625,4412.2001953125
1788367740,4412.39990234375,4413.39990234375,4411.7998046875,4412.89990234375
1788367800,4412.5,4413.60009765625,4411.5,4413.60009765625
1788367860,4413.5,4414.39990234375,4413.10009765625,4413.5
1788367920,4413.7001953125,4415.39990234375,4413.0,4414.60009765625
1788367980,4414.60009765625,4417.5,4414.5,4417.2001953125
1788368040,4417.39990234375,4417.39990234375,4416.2998046875,4416.60009765625
1788368100,4416.5,4417.10009765625,4415.89990234375,4416.2998046875
1788368160,4416.2001953125,4417.0,4415.2001953125,4416.5
1788368220,4416.7998046875,4417.2001953125,4416.39990234375,4416.60009765625
1788368280,4416.60009765625,4416.89990234375,4415.89990234375,4416.2998046875
1788368340,4416.0,4416.0,4414.5,4415.10009765625
1788368400,4415.2001953125,4416.7001953125,4414.7001953125,4415.60009765625
1788368460,4415.7001953125,4416.5,4415.10009765625,4416.2998046875
1788368520,4416.2001953125,4416.5,4415.2001953125,4415.5
1788368580,4415.2001953125,4415.5,4414.7001953125,4414.89990234375
1788368640,4415.0,4417.60009765625,4414.89990234375,4417.39990234375
1788368700,4417.39990234375,4417.5,4415.7998046875,4416.10009765625
1788368760,4416.2001953125,4417.7001953125,4416.2001953125,4416.7998046875
1788368820,4416.89990234375,4417.0,4415.39990234375,4416.39990234375
1788368880,4416.5,4417.89990234375,4416.39990234375,4417.2998046875
1788368940,4417.5,4417.60009765625,4416.2998046875,4416.7998046875
1788369000,4416.60009765625,4416.89990234375,4416.10009765625,4416.10009765625
1788369060,4416.2001953125,4416.2001953125,4414.7001953125,4414.7001953125
1788369120,4415.0,4415.5,4414.2001953125,4415.5
1788369180,4415.60009765625,4417.2001953125,4415.39990234375,4415.39990234375
1788369240,4415.2001953125,4415.60009765625,4415.0,4415.2998046875
1788369300,4415.39990234375,4415.7001953125,4413.89990234375,4415.0
1788369360,4415.2998046875,4415.2998046875,4412.7001953125,4413.10009765625
1788369420,4413.2001953125,4413.7001953125,4411.7001953125,4412.0
1788369480,4412.2998046875,4412.39990234375,4411.2998046875,4411.5
1788369540,4411.60009765625,4412.39990234375,4411.2001953125,4411.89990234375
1788369600,4411.89990234375,4412.10009765625,4411.2001953125,4411.7001953125
1788369660,4411.7001953125,4412.7001953125,4411.60009765625,4412.7001953125
1788369720,4412.60009765625,4413.2001953125,4412.2998046875,4412.39990234375
1788369780,4412.2998046875,4413.7998046875,4412.2998046875,4413.2998046875
1788369840,4413.2998046875,4414.10009765625,4412.60009765625,4413.7998046875
1788369900,4413.7001953125,4414.89990234375,4413.60009765625,4414.89990234375
1788369960,4415.0,4415.89990234375,4414.0,4414.39990234375
1788370020,4414.60009765625,4415.7001953125,4414.60009765625,4415.2001953125
1788370080,4415.2998046875,4415.7998046875,4414.2001953125,4414.39990234375
1788370140,4414.2001953125,4416.60009765625,4413.39990234375,4416.60009765625
1788370200,4416.60009765625,4418.10009765625,4416.2001953125,4417.7998046875
1788370260,4418.0,4418.2998046875,4416.7998046875,4417.0
1788370320,4416.89990234375,4417.0,4414.7001953125,4415.2001953125
1788370380,4415.10009765625,4415.7001953125,4415.0,4415.39990234375
1788370440,4415.7001953125,4415.7001953125,4414.7001953125,4414.7001953125
1788370500,4414.60009765625,4415.39990234375,4414.2998046875,4415.10009765625
1788370560,4414.7998046875,4415.2998046875,4414.5,4414.5
1788370620,4414.7001953125,4416.10009765625,4414.7001953125,4415.10009765625
1788370680,4415.2001953125,4415.2001953125,4413.2998046875,4413.7001953125
1788370740,4413.7001953125,4414.10009765625,4413.2001953125,4413.2001953125
1788370800,4413.39990234375,4414.2998046875,4413.39990234375,4414.10009765625
1788370860,4414.0,4416.5,4413.5,4416.10009765625
1788370920,4416.2998046875,4419.7998046875,4415.2998046875,4418.2998046875
1788370980,4418.2998046875,4421.10009765625,4418.10009765625,4420.10009765625
1788371040,4420.2001953125,4424.2001953125,4420.10009765625,4423.2001953125
1788371100,4422.89990234375,4427.39990234375,4422.60009765625,4426.5
1788371160,4425.89990234375,4426.89990234375,4424.89990234375,4426.10009765625
1788371220,4426.0,4426.10009765625,4422.5,4424.10009765625
1788371280,4424.10009765625,4424.5,4422.39990234375,4422.39990234375
1788371340,4422.2998046875,4423.7998046875,4422.0,4422.7001953125
1788371400,4422.7998046875,4423.0,4422.0,4422.5
1788371460,4422.5,4423.5,4422.10009765625,4423.2998046875
1788371520,4423.7001953125,4424.10009765625,4423.0,4423.10009765625
1788371580,4423.2998046875,4423.7001953125,4422.7001953125,4422.89990234375
1788371640,4422.60009765625,4423.2998046875,4422.0,4422.89990234375
1788371700,4422.89990234375,4423.2001953125,4422.39990234375,4423.2001953125
1788371760,4423.5,4423.7998046875,4422.39990234375,4423.0
1788371820,4423.10009765625,4425.2998046875,4423.10009765625,4424.7001953125
1788371880,4424.7998046875,4425.10009765625,4423.7998046875,4424.0
1788371940,4423.89990234375,4423.89990234375,4423.39990234375,4423.39990234375
1788372000,4423.7001953125,4423.7998046875,4419.7001953125,4419.7998046875
1788372060,4419.5,4420.60009765625,4418.89990234375,4419.0
1788372120,4419.0,4421.0,4418.89990234375,4420.5
1788372180,4420.7001953125,4423.0,4420.7001953125,4422.10009765625
1788372240,4421.7998046875,4422.2001953125,4421.0,4421.5
1788372300,4421.39990234375,4422.10009765625,4420.7998046875,4422.10009765625
1788372360,4422.0,4422.39990234375,4421.0,4421.0
1788372420,4421.2001953125,4421.5,4420.7001953125,4421.2998046875
1788372480,4421.10009765625,4421.2001953125,4419.89990234375,4420.2998046875
1788372540,4420.39990234375,4420.7001953125,4420.0,4420.2998046875
1788372600,4420.0,4420.60009765625,4419.39990234375,4420.60009765625
1788372660,4419.7998046875,4420.10009765625,4419.0,4419.2998046875
1788372720,4419.2998046875,4419.2998046875,4417.60009765625,4417.89990234375
1788372780,4418.10009765625,4419.7998046875,4418.0,4418.60009765625
1788372840,4418.39990234375,4418.5,4416.2998046875,4416.7998046875
1788372900,4416.7998046875,4416.7998046875,4415.89990234375,4416.60009765625
1788372960,4416.0,4416.7998046875,4416.0,4416.7998046875
1788373020,4416.7998046875,4418.2001953125,4416.60009765625,4417.89990234375
1788373080,4417.7001953125,4426.2001953125,4417.7001953125,4423.39990234375
1788373140,4423.7001953125,4424.7001953125,4422.7001953125,4424.10009765625
1788373200,4424.10009765625,4425.2998046875,4423.60009765625,4424.7998046875
1788373260,4425.10009765625,4426.2998046875,4421.39990234375,4421.7998046875
1788373320,4421.7998046875,4421.7998046875,4419.39990234375,4420.7998046875
1788373380,4420.60009765625,4420.89990234375,4419.39990234375,4419.7998046875
1788373440,4419.7001953125,4420.39990234375,4419.0,4420.0
1788373500,4419.7998046875,4420.7001953125,4419.10009765625,4419.5
1788373560,4419.60009765625,4420.5,4419.60009765625,4419.7998046875
1788373620,4419.7998046875,4420.0,4418.7998046875,4419.10009765625
1788373680,4419.0,4419.5,4418.7998046875,4419.2998046875
1788373740,4419.2001953125,4420.0,4418.7998046875,4420.0
1788373800,4419.7001953125,4421.10009765625,4419.60009765625,4421.0
1788373860,4421.10009765625,4421.7001953125,4420.60009765625,4421.7001953125
1788373920,4421.7998046875,4422.89990234375,4421.39990234375,4422.5
1788373980,4422.7001953125,4425.0,4422.7001953125,4425.0
1788374040,4424.60009765625,4424.7998046875,4423.0,4423.2998046875
1788374100,4423.39990234375,4424.7998046875,4423.39990234375,4424.0
1788374160,4423.7998046875,4424.2001953125,4422.7001953125,4423.2001953125
1788374220,4422.89990234375,4423.2001953125,4421.89990234375,4422.7998046875
1788374280,4423.2001953125,4423.2998046875,4422.60009765625,4422.60009765625
1788374340,4422.39990234375,4423.39990234375,4422.2001953125,4423.0
1788374400,4422.7998046875,4423.5,4422.7998046875,4422.7998046875
1788374460,4422.7998046875,4422.7998046875,4421.2001953125,4421.2001953125
1788374520,4421.2998046875,4421.2998046875,4420.5,4420.5
1788374580,4420.39990234375,4420.7001953125,4420.10009765625,4420.2001953125
1788374640,4420.5,4420.5,4419.0,4419.60009765625
1788374700,4419.60009765625,4420.2998046875,4419.5,4419.5
1788374760,4419.60009765625,4419.89990234375,4419.10009765625,4419.7998046875
1788374820,4419.7001953125,4420.2998046875,4419.39990234375,4419.39990234375
1788374880,4419.60009765625,4420.60009765625,4419.39990234375,4420.5
1788374940,4420.39990234375,4421.5,4420.10009765625,4420.5
1788375000,4420.60009765625,4422.2998046875,4420.10009765625,4421.60009765625
1788375060,4421.7998046875,4422.2998046875,4421.7998046875,4422.2001953125
1788375120,4422.2001953125,4422.2001953125,4421.39990234375,4421.7998046875
1788375180,4421.7001953125,4422.5,4421.7001953125,4422.2001953125
1788375240,4422.2001953125,4422.39990234375,4420.5,4421.10009765625
1788375300,4421.2998046875,4422.10009765625,4421.2001953125,4421.5
1788375360,4421.5,4421.5,4420.89990234375,4421.5
1788375420,4421.5,4421.5,4420.5,4420.5
1788375480,4420.2001953125,4420.2001953125,4419.2998046875,4419.39990234375
1788375540,4419.2001953125,4420.39990234375,4419.2001953125,4420.2998046875
1788375600,4420.7998046875,4421.2998046875,4418.2998046875,4418.7001953125
1788375660,4418.89990234375,4420.0,4418.89990234375,4419.10009765625
1788375720,4419.39990234375,4419.60009765625,4419.0,4419.60009765625
1788375780,4420.2998046875,4421.2998046875,4420.2998046875,4421.2998046875
1788375840,4421.5,4421.7001953125,4421.39990234375,4421.7001953125
1788375900,4421.2998046875,4422.39990234375,4421.2001953125,4421.89990234375
1788375960,4421.7001953125,4422.10009765625,4421.7001953125,4422.10009765625
1788376020,4422.2001953125,4423.2998046875,4422.2001953125,4422.5
1788376080,4422.2998046875,4422.7001953125,4422.2998046875,4422.5
1788376140,4422.2998046875,4424.0,4422.10009765625,4423.60009765625
1788376200,4423.7998046875,4424.0,4423.0,4423.39990234375
1788376260,4423.7998046875,4424.10009765625,4423.2998046875,4423.5
1788376320,4423.5,4427.0,4423.5,4425.7001953125
1788376380,4425.7998046875,4426.0,4425.5,4425.5
1788376440,4425.5,4425.7001953125,4425.10009765625,4425.60009765625
1788376500,4425.7001953125,4427.0,4425.7001953125,4425.7998046875
1788376560,4425.7998046875,4426.10009765625,4424.7998046875,4425.2001953125
1788376620,4425.5,4426.0,4425.2001953125,4425.2998046875
1788376680,4425.39990234375,4426.2998046875,4425.2998046875,4425.2998046875
1788376740,4425.2998046875,4426.60009765625,4425.2001953125,4426.10009765625
1788376800,4426.0,4426.0,4424.89990234375,4425.10009765625
1788376860,4425.10009765625,4426.10009765625,4425.10009765625,4425.89990234375
1788376920,4425.7998046875,4426.2001953125,4425.60009765625,4426.2001953125
1788376980,4426.5,4427.2998046875,4426.0,4426.39990234375
1788377040,4426.2998046875,4427.39990234375,4426.10009765625,4426.7998046875
1788377100,4426.39990234375,4428.89990234375,4426.39990234375,4428.7001953125
1788377160,4428.5,4429.7001953125,4428.2998046875,4428.60009765625
1788377220,4428.39990234375,4428.39990234375,4427.5,4427.7001953125
1788377280,4427.7001953125,4428.89990234375,4427.7001953125,4428.2998046875
1788377340,4428.10009765625,4428.39990234375,4427.10009765625,4427.60009765625
1788377400,4427.7001953125,4429.2998046875,4427.60009765625,4428.7001953125
1788377460,4428.7998046875,4428.89990234375,4428.2001953125,4428.39990234375
1788377520,4428.5,4429.5,4428.2001953125,4429.10009765625
1788377580,4429.10009765625,4429.2998046875,4428.7998046875,4428.89990234375
1788377640,4429.10009765625,4430.7001953125,4428.7001953125,4430.2998046875
1788377700,4430.10009765625,4430.2001953125,4428.89990234375,4429.10009765625
1788377760,4428.7998046875,4428.7998046875,4427.89990234375,4428.0
1788377820,4428.10009765625,4429.39990234375,4427.7001953125,4429.2001953125
1788377880,4429.10009765625,4429.7998046875,4429.0,4429.60009765625
1788377940,4429.89990234375,4430.60009765625,4429.60009765625,4430.5
1788378000,4430.2998046875,4431.2001953125,4430.0,4430.7998046875
1788378060,4430.7001953125,4431.7001953125,4430.7001953125,4431.5
1788378120,4431.5,4431.7001953125,4431.0,4431.2001953125
1788378180,4431.2001953125,4433.2998046875,4431.2001953125,4433.2001953125
1788378240,4433.2998046875,4435.2001953125,4433.0,4434.5
1788378300,4434.60009765625,4435.2998046875,4432.60009765625,4432.60009765625
1788378360,4432.60009765625,4432.89990234375,4431.5,4431.89990234375
1788378420,4431.7998046875,4432.39990234375,4431.39990234375,4432.39990234375
1788378480,4432.5,4432.7001953125,4431.5,4431.60009765625
1788378540,4431.89990234375,4433.7001953125,4431.39990234375,4433.0
1788378600,4433.10009765625,4435.5,4432.7001953125,4435.2001953125
1788378660,4435.7001953125,4436.39990234375,4434.7001953125,4434.89990234375
1788378720,4435.10009765625,4436.39990234375,4435.10009765625,4435.39990234375
1788378780,4435.2998046875,4435.5,4432.39990234375,4432.60009765625
1788378840,4432.7001953125,4434.10009765625,4432.7001953125,4434.10009765625
1788378900,4433.60009765625,4433.89990234375,4432.7998046875,4433.10009765625
1788378960,4433.0,4434.2001953125,4432.7001953125,4434.2001953125
1788379020,4434.2001953125,4434.7998046875,4432.89990234375,4433.60009765625
1788379080,4433.89990234375,4435.5,4433.89990234375,4434.89990234375
1788379140,4435.10009765625,4437.89990234375,4435.0,4437.7001953125
1788379200,4437.39990234375,4438.2001953125,4435.2001953125,4436.0
1788379260,4435.89990234375,4436.7998046875,4435.7998046875,4436.7001953125
1788379320,4436.5,4436.7001953125,4435.39990234375,4435.89990234375
1788379380,4436.0,4436.2998046875,4435.39990234375,4436.10009765625
1788379440,4436.2998046875,4437.0,4436.10009765625,4436.89990234375
1788379500,4436.7001953125,4437.39990234375,4435.7001953125,4435.7001953125
1788379560,4435.7998046875,4436.10009765625,4435.5,4436.0
1788379620,4435.7998046875,4436.2001953125,4435.10009765625,4435.2001953125
1788379680,4435.39990234375,4435.5,4434.60009765625,4434.7001953125
1788379740,4434.7998046875,4435.0,4434.10009765625,4434.5
1788379800,4434.7998046875,4434.89990234375,4434.39990234375,4434.60009765625
1788379860,4434.7998046875,4435.7001953125,4434.5,4434.7998046875
1788379920,4434.7998046875,4435.10009765625,4434.0,4434.0
1788379980,4434.10009765625,4434.5,4433.60009765625,4434.2998046875
1788380040,4434.2998046875,4434.2998046875,4432.5,4432.60009765625
1788380100,4432.5,4433.0,4430.60009765625,4431.7998046875
1788380160,4431.7001953125,4432.0,4431.2998046875,4431.60009765625
1788380220,4431.60009765625,4432.5,4431.60009765625,4432.5
1788380280,4432.10009765625,4432.60009765625,4431.89990234375,4432.10009765625
1788380340,4431.89990234375,4431.89990234375,4431.2998046875,4431.2998046875
1788380400,4431.89990234375,4431.89990234375,4431.39990234375,4431.7998046875
1788380460,4431.39990234375,4431.7998046875,4431.39990234375,4431.5
1788380520,4431.89990234375,4431.89990234375,4431.39990234375,4431.7998046875
1788380580,4432.2998046875,4432.2998046875,4431.89990234375,4432.2998046875
1788380640,4432.10009765625,4432.5,4431.89990234375,4432.5
1788380700,4432.2998046875,4434.60009765625,4432.0,4434.2001953125
1788380760,4434.10009765625,4434.10009765625,4433.89990234375,4433.89990234375
1788380820,4433.7998046875,4434.0,4433.7998046875,4434.0
1788380880,4434.10009765625,4434.10009765625,4433.2001953125,4433.7001953125
1788380940,4433.7998046875,4433.89990234375,4433.0,4433.2001953125
1788381000,4433.0,4433.0,4432.5,4433.0
1788381060,4433.0,4434.0,4433.0,4434.0
1788381120,4433.7998046875,4434.60009765625,4433.7998046875,4434.39990234375
1788381180,4434.5,4434.7998046875,4434.39990234375,4434.5
1788381240,4434.60009765625,4434.7001953125,4434.2998046875,4434.2998046875
1788381300,4434.39990234375,4434.5,4434.2998046875,4434.5
1788381360,4434.39990234375,4434.5,4433.7001953125,4434.10009765625
1788381420,4433.89990234375,4434.10009765625,4433.5,4434.10009765625
1788381480,4434.0,4434.7001953125,4434.0,4434.2998046875
1788381540,4434.2001953125,4434.2998046875,4434.2001953125,4434.2998046875
1788381600,4434.39990234375,4435.7998046875,4434.2001953125,4435.7998046875
1788381660,4435.7001953125,4435.7998046875,4435.2998046875,4435.5
1788381720,4435.5,4435.7001953125,4435.5,4435.60009765625
1788381780,4435.60009765625,4436.60009765625,4435.5,4436.60009765625
1788381840,4436.5,4436.5,4434.7998046875,4434.7998046875
1788381900,4434.89990234375,4435.2998046875,4433.7998046875,4434.7998046875
1788381960,4434.89990234375,4434.89990234375,4434.7001953125,4434.7001953125
1788382020,4435.2001953125,4435.89990234375,4435.10009765625,4435.7001953125
1788382080,4435.7001953125,4436.39990234375,4435.7001953125,4436.10009765625
1788382140,4436.39990234375,4436.5,4435.7998046875,4435.7998046875
1788382200,4435.7998046875,4437.5,4435.7001953125,4436.89990234375
1788382260,4437.10009765625,4437.7001953125,4437.10009765625,4437.10009765625
1788382320,4437.10009765625,4437.2001953125,4437.0,4437.2001953125
1788382380,4437.39990234375,4437.60009765625,4436.10009765625,4436.2001953125
1788382440,4436.39990234375,4436.7001953125,4436.0,4436.0
1788382500,4435.7001953125,4436.10009765625,4435.2001953125,4435.2001953125
1788382560,4435.2998046875,4435.60009765625,4434.7001953125,4434.89990234375
1788382620,4434.89990234375,4435.2001953125,4434.10009765625,4434.10009765625
1788382680,4434.2998046875,4434.7998046875,4434.2001953125,4434.7998046875
1788382740,4434.7001953125,4435.39990234375,4434.2001953125,4434.2998046875
1788386400,4436.39990234375,4437.39990234375,4435.10009765625,4436.39990234375
1788386460,4436.39990234375,4436.7998046875,4435.5,4436.7998046875
1788386520,4436.7001953125,4437.89990234375,4436.7001953125,4437.89990234375
1788386580,4437.89990234375,4438.10009765625,4434.7998046875,4436.7001953125
1788386640,4436.2001953125,4436.2998046875,4435.60009765625,4436.2998046875
1788386700,4435.7001953125,4436.0,4435.0,4435.5
1788386760,4435.39990234375,4437.0,4435.39990234375,4436.0
1788386820,4436.2998046875,4436.39990234375,4435.7998046875,4435.7998046875
1788386880,4435.5,4435.7001953125,4435.2998046875,4435.7001953125
1788386940,4435.7998046875,4435.89990234375,4435.39990234375,4435.60009765625
1788387000,4435.2001953125,4435.2998046875,4435.0,4435.2998046875
1788387060,4435.60009765625,4435.89990234375,4435.60009765625,4435.89990234375
1788387120,4436.2001953125,4436.2001953125,4435.39990234375,4435.39990234375
1788387180,4435.7001953125,4436.2001953125,4435.2998046875,4436.10009765625
1788387240,4435.7001953125,4435.7998046875,4434.7998046875,4434.7998046875
1788387300,4434.7998046875,4434.7998046875,4434.2998046875,4434.2998046875
1788387360,4434.10009765625,4434.7998046875,4433.7001953125,4433.7001953125
1788387420,4434.10009765625,4434.10009765625,4433.2998046875,4433.2998046875
1788387480,4433.2001953125,4433.60009765625,4432.60009765625,4432.60009765625
1788387540,4432.7998046875,4433.89990234375,4432.7998046875,4433.10009765625
1788387600,4433.60009765625,4434.0,4432.89990234375,4432.89990234375
1788387660,4433.2001953125,4433.60009765625,4432.7998046875,4433.10009765625
1788387720,4433.10009765625,4433.89990234375,4433.0,4433.7001953125
1788387780,4433.2998046875,4434.5,4433.0,4434.39990234375
1788387840,4434.2001953125,4434.7001953125,4433.7998046875,4433.89990234375
1788387900,4434.39990234375,4434.7001953125,4433.89990234375,4434.0
1788387960,4433.7998046875,4435.89990234375,4433.7998046875,4435.89990234375
1788388020,4435.5,4435.60009765625,4435.2001953125,4435.2998046875
1788388080,4435.2998046875,4435.5,4434.7998046875,4434.7998046875
1788388140,4434.60009765625,4435.10009765625,4434.0,4434.7998046875
1788388200,4434.2998046875,4434.7001953125,4434.10009765625,4434.2001953125
1788388260,4434.2998046875,4434.2998046875,4433.10009765625,4433.39990234375
1788388320,4433.39990234375,4434.5,4432.60009765625,4434.2001953125
1788388380,4434.2001953125,4434.5,4433.60009765625,4434.10009765625
1788388440,4434.10009765625,4434.10009765625,4433.2001953125,4433.2001953125
1788388500,4433.39990234375,4433.5,4433.10009765625,4433.2001953125
1788388560,4433.2001953125,4433.2001953125,4432.5,4432.60009765625
1788388620,4432.7998046875,4433.2001953125,4432.7998046875,4433.2001953125
1788388680,4433.2001953125,4433.39990234375,4433.2001953125,4433.2998046875
1788388740,4433.10009765625,4433.5,4432.2998046875,4432.7998046875
1788388800,4432.60009765625,4433.10009765625,4432.60009765625,4432.60009765625
1788388860,4432.60009765625,4433.0,4432.10009765625,4432.10009765625
1788388920,4432.2001953125,4432.2998046875,4431.10009765625,4431.39990234375
1788388980,4431.2998046875,4431.2998046875,4430.60009765625,4431.2001953125
1788389040,4431.5,4431.5,4430.2998046875,4430.39990234375
1788389100,4430.39990234375,4430.5,4428.39990234375,4429.39990234375
1788389160,4429.89990234375,4430.2998046875,4429.89990234375,4429.89990234375
1788389220,4429.89990234375,4430.10009765625,4429.2998046875,4429.7998046875
1788389280,4429.7001953125,4430.10009765625,4429.2998046875,4429.2998046875
1788389340,4429.60009765625,4429.60009765625,4429.0,4429.2998046875
1788389400,4429.2998046875,4430.0,4429.10009765625,4430.0
1788389460,4430.2998046875,4430.39990234375,4429.60009765625,4429.60009765625
1788389520,4429.7001953125,4429.7001953125,4429.7001953125,4429.7001953125
1788389580,4430.10009765625,4430.10009765625,4429.5,4429.5
1788389640,4429.39990234375,4429.7998046875,4429.39990234375,4429.7998046875
1788389700,4429.89990234375,4430.10009765625,4429.7001953125,4429.7001953125
1788389760,4429.7998046875,4429.7998046875,4429.7998046875,4429.7998046875
1788389820,4430.0,4430.0,4430.0,4430.0
1788389880,4430.2001953125,4430.5,4429.7998046875,4430.10009765625
1788389940,4430.10009765625,4430.10009765625,4429.7998046875,4429.7998046875
1788390000,4430.2001953125,4431.2998046875,4430.0,4430.0
1788390060,4429.7998046875,4430.5,4429.7998046875,4430.5
1788390120,4430.7998046875,4430.7998046875,4430.10009765625,4430.39990234375
1788390180,4430.39990234375,4430.7001953125,4429.39990234375,4429.60009765625
1788390240,4429.7998046875,4431.89990234375,4429.7998046875,4431.89990234375
1788390300,4432.0,4432.0,4430.7998046875,4430.7998046875
1788390360,4431.10009765625,4431.39990234375,4430.60009765625,4431.10009765625
1788390420,4431.0,4431.39990234375,4430.89990234375,4431.0
1788390480,4431.0,4431.7998046875,4431.0,4431.7001953125
1788390540,4431.7998046875,4432.2001953125,4431.39990234375,4432.10009765625
1788390600,4431.89990234375,4432.0,4431.7001953125,4432.0
1788390660,4432.10009765625,4432.10009765625,4431.39990234375,4431.7001953125
1788390720,4431.5,4431.5,4430.2998046875,4430.2998046875
1788390780,4430.2001953125,4430.2998046875,4429.60009765625,4429.60009765625
1788390840,4429.7001953125,4429.89990234375,4429.39990234375,4429.60009765625
1788390900,4429.39990234375,4429.5,4428.89990234375,4429.2998046875
1788390960,4429.5,4429.60009765625,4428.10009765625,4428.2001953125
1788391020,4428.0,4428.39990234375,4427.89990234375,4428.0
1788391080,4428.2001953125,4428.2001953125,4427.89990234375,4427.89990234375
1788391140,4427.7998046875,4428.2001953125,4427.60009765625,4427.7998046875
1788391200,4427.7998046875,4428.39990234375,4427.7998046875,4428.39990234375
1788391260,4428.39990234375,4428.39990234375,4427.89990234375,4428.0
1788391320,4427.89990234375,4428.0,4427.60009765625,4427.7998046875
1788391380,4427.7001953125,4427.89990234375,4427.7001953125,4427.7998046875
1788391440,4428.0,4428.2998046875,4428.0,4428.2998046875
1788391500,4428.2001953125,4428.39990234375,4427.7998046875,4427.7998046875
1788391560,4427.7998046875,4428.0,4427.60009765625,4427.60009765625
1788391620,4427.7001953125,4428.0,4427.7001953125,4427.89990234375
1788391680,4428.2001953125,4428.2001953125,4427.7001953125,4428.0
1788391740,4427.89990234375,4427.89990234375,4427.2998046875,4427.7001953125
1788391800,4427.5,4429.39990234375,4427.0,4428.39990234375
1788391860,4428.60009765625,4429.2998046875,4427.7998046875,4428.2001953125
1788391920,4427.89990234375,4428.2998046875,4427.7998046875,4428.2998046875
1788391980,4428.39990234375,4428.39990234375,4427.7998046875,4428.10009765625
1788392040,4428.2998046875,4428.5,4427.7001953125,4428.5
1788392100,4428.2998046875,4428.2998046875,4426.7001953125,4427.10009765625
1788392160,4427.10009765625,4427.89990234375,4426.7001953125,4427.7001953125
1788392220,4427.89990234375,4428.5,4427.5,4428.2998046875
1788392280,4428.0,4428.89990234375,4427.7001953125,4428.0
1788392340,4428.10009765625,4428.7998046875,4428.10009765625,4428.7001953125
1788392400,4428.5,4429.5,4428.5,4429.2001953125
1788392460,4429.10009765625,4430.0,4429.10009765625,4429.2998046875
1788392520,4429.60009765625,4430.60009765625,4429.60009765625,4430.2998046875
1788392580,4430.2001953125,4430.2001953125,4429.5,4429.7998046875
1788392640,4429.5,4430.7998046875,4429.5,4430.7998046875
1788392700,4430.2001953125,4432.89990234375,4429.89990234375,4431.7998046875
1788392760,4432.10009765625,4434.39990234375,4432.0,4433.7001953125
1788392820,4433.60009765625,4434.2998046875,4432.89990234375,4433.10009765625
1788392880,4433.10009765625,4433.10009765625,4431.7001953125,4432.60009765625
1788392940,4432.7001953125,4433.2001953125,4432.10009765625,4432.10009765625
1788393000,4432.2998046875,4433.10009765625,4431.89990234375,4432.7998046875
1788393060,4432.7001953125,4432.7001953125,4431.10009765625,4431.5
1788393120,4431.7998046875,4432.2001953125,4430.7998046875,4431.60009765625
1788393180,4431.39990234375,4431.39990234375,4430.10009765625,4430.39990234375
1788393240,4430.39990234375,4431.0,4430.2001953125,4430.2001953125
1788393300,4430.10009765625,4431.60009765625,4430.10009765625,4431.60009765625
1788393360,4431.7001953125,4432.2998046875,4431.7001953125,4432.0
1788393420,4431.10009765625,4431.10009765625,4429.89990234375,4430.5
1788393480,4430.2001953125,4430.60009765625,4429.89990234375,4429.89990234375
1788393540,4430.7001953125,4431.2001953125,4430.10009765625,4431.0
